location_num,x,y,district,province,images,year,month,day,avg_certainty,avg_percent_coverage,avg_percent_coverage_high,n_labelers,water_source_mode,log_coverage
1021748,31.2315382436706,-8.666008823570264,Mbala,Northern,1,2024,8,11,1,0,0,1,TRUE,0
1028396,31.70357116217928,-8.803547362654447,NA,NA,1,2018,7,25,1,0,0,1,TRUE,0
1031643,31.57606004227711,-8.866383885810043,Mbala,Northern,1,2024,8,29,1,0,0,1,FALSE,0
1032067,31.40328210947341,-8.874727375364836,Mbala,Northern,1,2024,9,11,1,0,0,5,TRUE,0
1032908,31.51230843121916,-8.893262204180312,Mbala,Northern,2,2024,8,29,1,0,0,1,TRUE,0
1032912,31.548677886355147,-8.893405645537761,Mbala,Northern,1,2024,8,29,5,0.2271394293005005,0.2271394293005005,1,TRUE,0.20468579358462138
1035612,32.112341053798,-8.949439450421698,NA,NA,2,2024,7,8,1,0,0,1,TRUE,0
1036000,31.51205194781957,-8.956556611547958,Mbala,Northern,1,2018,7,25,1,0,0,1,FALSE,0
1036449,31.057364474399883,-8.963489180341613,Mpulungu,Northern,2,2024,6,7,1,0,0,1,TRUE,0
1036893,31.62111266903825,-8.975064270369892,Mbala,Northern,1,2016,6,30,1,0,0,1,FALSE,0
1038116,30.99352387397193,-8.999307375910973,Mpulungu,Northern,3,2021,7,5,2,0.07683629636670107,0.07683629636670107,1,FALSE,0.07402738696161636
1038595,31.98482800065203,-9.0124180895378,NA,NA,3,2024,7,21,1,0,0,1,TRUE,0
1038926,30.993424114574104,-9.017386385597389,Mpulungu,Northern,2,2021,7,5,3,0.08071339705325184,0.05129341397822855,1,TRUE,0.07762137589422011
1040147,32.01202031131231,-9.048667277499634,NA,NA,2,2024,7,21,2,0.15374932343838735,0,1,TRUE,0.14301692043248843
1041724,31.875414341129964,-9.09349046332587,Senga Hill,Northern,2,2020,10,23,1,0,0,1,FALSE,0
1042363,32.06644426938952,-9.112117284228828,Senga Hill,Northern,3,2024,9,16,3,0.03333745124335897,0.03333745124335897,1,TRUE,0.03279380788926884
1042963,31.33848840200598,-9.127605203622709,Mbala,Northern,3,2024,9,11,1,0,0,1,FALSE,0
1044015,32.37576536308823,-9.158001752407806,Nakonde,Muchinga,4,2023,9,16,1.25,0.010188161892361975,0,1,FALSE,0.01013661240501109
1045526,31.35635065723192,-9.20001807446786,Mbala,Northern,3,2024,9,11,1,0,0,1,FALSE,0
1045543,31.611147224629907,-9.201089565713376,Senga Hill,Northern,2,2018,7,25,3,0.10454308133950563,0.06423021390097217,5,FALSE,0.09943174840436118
1045846,31.329010462880703,-9.208933721896727,Mbala,Northern,3,2024,9,11,2,0.044850742946967004,0.044850742946967004,1,TRUE,0.043874045499818055
1046288,32.61233936285078,-9.221645765383531,NA,NA,4,2023,9,3,1.75,0.007704041944109175,0.007704041944109175,1,FALSE,0.007674517355130646
1047544,32.64871728354964,-9.257862353620286,NA,NA,4,2021,9,11,4,0.13526071273551257,0.1116005651130924,1,TRUE,0.12686232740637735
1047777,31.68371681475745,-9.264660673009535,Senga Hill,Northern,2,2020,9,8,2,0.05825662193801065,0.05825662193801065,1,TRUE,0.056622857841331684
1048735,32.77615659912958,-9.29414412999028,NA,NA,10,2016,9,15,1.3,0.02491655905459651,0.02491655905459651,1,TRUE,0.02461120347634585
1050413,32.86719404592782,-9.339414133852143,NA,NA,7,2023,9,26,1,0,0,1,TRUE,0
1051330,31.191736417138703,-9.361961846971582,Senga Hill,Northern,2,2024,8,24,3.5,0.2231264487504726,0.09310836370381086,1,TRUE,0.20141024363390797
1051368,31.72886923686968,-9.364294676425487,Senga Hill,Northern,1,2018,7,15,1,0,0,1,FALSE,0
1052335,32.21141692536525,-9.392828797166988,Senga Hill,Northern,2,2024,8,8,4,0.054656102790253305,0.050148863762179544,1,TRUE,0.05321474486942232
1054358,31.22764087493327,-9.461591531531742,Senga Hill,Northern,2,2024,9,11,2.5,0.0426321430049126,0.0426321430049126,1,TRUE,0.04174842253798379
1055351,32.484479507639726,-9.501866686821362,Nakonde,Muchinga,2,2023,9,3,2.5,0.00774678627294265,0.00774678627294265,1,TRUE,0.007716933997840501
1055607,32.785128139665126,-9.511225518999687,Nakonde,Muchinga,1,2021,9,11,1,0,0,1,TRUE,0
1055823,32.80334520228618,-9.520281030887274,Nakonde,Muchinga,2,2021,9,11,1,0,0,1,TRUE,0
1056458,32.611977461365655,-9.547254588476507,Nakonde,Muchinga,2,2023,8,13,1,0,0,1,FALSE,0
1057278,31.992296303267857,-9.582185868005462,Mungwi,Northern,2,2024,7,21,1,0,0,1,FALSE,0
1058716,32.62097884399966,-9.646755113972986,Nakonde,Muchinga,1,2017,9,24,1,0,0,1,TRUE,0
1059124,32.949105895346314,-9.665049331131256,Nakonde,Muchinga,3,2024,7,26,1.6666666666666667,0.014574405955877067,0,1,TRUE,0.014469220084078801
1061089,30.71593682638029,-9.738810911383794,Lunte,Northern,1,2023,6,22,3,0.5512162792406201,0.4034725533557561,1,TRUE,0.43903931950226077
1061103,31.86419020798378,-9.744565104760046,Mungwi,Northern,2,2024,8,3,1,0,0,1,TRUE,0
1062955,32.85789204401894,-9.80973875530474,Isoka,Muchinga,3,2023,9,26,1,0,0,1,TRUE,0
1063412,31.672445865638693,-9.825254409035551,Mungwi,Northern,2,2018,7,25,1,0,0,1,FALSE,0
1065748,32.100790949081244,-9.899012143617476,Mungwi,Northern,2,2023,7,20,2.5,0.1447419815540491,0.0571524435618551,1,FALSE,0.13517926799159646
1067563,32.72098298010213,-9.95436631377739,Isoka,Muchinga,3,2023,9,18,1,0,0,1,TRUE,0
1068107,32.35603261562764,-9.971950662644794,Chinsali,Muchinga,2,2023,9,21,1,0,0,1,TRUE,0
1069716,31.18814751861086,-10.030936200633487,Kasama,Northern,3,2023,8,10,2.6666666666666665,0.1258873707873085,0.023767514071993734,1,TRUE,0.11857149877079455
1368898,29.52004280716551,-8.426831311015706,Chiengi,Luapula,1,2019,6,19,1,0,0,1,FALSE,0
1369075,29.501950155279093,-8.435984142626006,Chiengi,Luapula,2,2020,7,14,1,0,0,1,TRUE,0
1369766,29.865189922325104,-8.469635301572547,Kaputa,Northern,1,2019,9,17,1,0,0,1,FALSE,0
1370073,29.91069376377177,-8.487366891835373,Kaputa,Northern,1,2016,6,13,1,0,0,1,FALSE,0
1370790,28.839742662282102,-8.539101031309139,NA,NA,2,2024,8,27,1,0,0,1,TRUE,0
1370973,29.203037982821986,-8.546244867632073,Chiengi,Luapula,2,2020,7,28,1,0,0,1,FALSE,0
1371299,29.620787799053204,-8.561714718037829,Kaputa,Northern,3,2024,9,1,1.6666666666666667,0.16644211347134466,0,1,FALSE,0.1539581871343097
1372029,29.99327135291676,-8.604175824102228,Nsama,Northern,1,2023,9,29,1,0,0,1,FALSE,0
1375619,29.10492011871872,-8.863168733087283,Chiengi,Luapula,1,2023,9,11,3,0.2008061202787067,0.1464514064604691,1,TRUE,0.18299309815849232
1375774,29.868204678327395,-8.867125040422703,Nsama,Northern,2,2019,9,17,1,0,0,1,FALSE,0
1376723,29.08720450856022,-8.944622559921685,Chiengi,Luapula,1,2023,9,11,2,0.0502432242407978,0,1,TRUE,0.049021779478628444
1377474,29.542037779988465,-8.996000247528176,Nsama,Northern,2,2024,8,19,1,0,0,1,TRUE,0
1378949,29.079098115895302,-9.116416297125282,Chiengi,Luapula,1,2019,6,19,4,1.6827485670865738,1.6827485670865738,1,FALSE,0.9868418537038403
1380598,28.907107802067152,-9.271042381114652,Nchelenge,Luapula,2,2023,9,24,1.5,0.0858101789634813,0,1,TRUE,0.08232641706627171
1380725,29.92599622482697,-9.273196545037257,Mporokoso,Northern,2,2023,9,29,1,0,0,1,FALSE,0
1380838,29.90788451957486,-9.282378118883324,Mporokoso,Northern,1,2017,10,6,1,0,0,1,TRUE,0
1380944,28.96185671918977,-9.29786609880738,Nchelenge,Luapula,1,2023,9,11,2,0.1044836663838756,0,1,FALSE,0.09937795552412051
1380953,29.71697656334324,-9.292916247048172,Mporokoso,Northern,1,2024,6,28,3,0.3094871985055912,0.3094871985055912,1,TRUE,0.269635609053463
1381555,29.917427677730096,-9.336502831757093,Mporokoso,Northern,1,2023,9,29,2,0.4999508055079606,0,1,TRUE,0.4054323112423268
1381653,29.535450891830568,-9.3484708649522,Mporokoso,Northern,2,2024,8,19,1,0,0,1,FALSE,0
1382032,29.81767233643764,-9.373445968980008,Mporokoso,Northern,1,2016,6,30,1,0,0,1,FALSE,0
1382159,29.92690045070855,-9.381593221454928,Mporokoso,Northern,2,2023,9,29,1,0,0,1,FALSE,0
1382877,28.89893995948585,-9.44284915921967,Nchelenge,Luapula,2,2023,9,24,1,0,0,1,FALSE,0
1382885,29.5725092303858,-9.438566245722452,Mporokoso,Northern,2,2024,8,19,1,0,0,1,TRUE,0
1383097,28.6076610259008,-9.46238468502223,Nchelenge,Luapula,2,2023,9,1,1,0,0,1,FALSE,0
1383230,28.789824651812904,-9.470543543440554,Nchelenge,Luapula,1,2017,8,16,1,0,0,1,FALSE,0
1383497,29.55464276655972,-9.483877994267983,Mporokoso,Northern,3,2024,7,11,1,0,0,1,FALSE,0
1386015,28.745171106995084,-9.6425442090868,Nchelenge,Luapula,2,2019,6,13,1,0,0,1,FALSE,0
1387372,28.836567380212497,-9.696311251686256,Nchelenge,Luapula,4,2023,9,11,1,0,0,1,FALSE,0
1387405,29.210092115566425,-9.694106314775375,Kawambwa,Luapula,1,2024,10,5,1,0,0,1,FALSE,0
1387617,28.99150761300894,-9.704485566032307,Kawambwa,Luapula,1,2019,7,23,1,0,0,1,FALSE,0
1388085,29.356021952725275,-9.720246762824832,Kawambwa,Luapula,1,2024,9,14,5,0.3370870674018373,0.2369823195739328,1,TRUE,0.2904934174668382
1389835,28.82809651598702,-9.8138809216084,Mwansabombwe,Luapula,1,2023,6,12,1,0,0,1,TRUE,0
1391361,29.35723535827419,-9.891949388142487,Kawambwa,Luapula,1,2024,9,14,4,0.7297509742714525,0.0886232769646929,1,TRUE,0.5479774526407077
1391659,29.412048427361665,-9.909634634926071,Kawambwa,Luapula,1,2024,7,24,4,0.0102923454194529,0.0102923454194529,1,TRUE,0.010239739880684561
1393122,29.585839233777005,-9.989663439970467,Kawambwa,Luapula,1,2019,7,30,1,0,0,1,FALSE,0
3438956,31.635290323393825,-10.036950022029565,Mungwi,Northern,2,2024,6,12,1,0,0,1,FALSE,0
3439863,32.684563979474724,-10.0757857596963,Isoka,Muchinga,2,2023,9,18,3.5,0.41264390703370585,0.32190182433504644,1,TRUE,0.3454630599347431
3440066,31.279288009561096,-10.080497402730163,Mungwi,Northern,6,2024,8,3,1.1666666666666667,0.016713515698224168,0,1,FALSE,0.01657538190415995
3443208,32.15499166802374,-10.174335310849436,Chinsali,Muchinga,2,2024,9,3,3.5,0.27086412335442206,0.01750509503095335,1,TRUE,0.23969708118523764
3444557,31.305990686101826,-10.207206151233638,Kasama,Northern,4,2024,8,3,3.75,0.04679503754341297,0.0370778347899837,1,FALSE,0.04573315106595388
3445924,31.789603759754456,-10.245528750023048,Mungwi,Northern,1,2024,7,21,2,0.0204374045847805,0,1,TRUE,0.020231363400014885
3446636,32.12735997517984,-10.264697468896808,Chinsali,Muchinga,3,2024,9,3,1,0,0,1,TRUE,0
3447282,31.059158063375044,-10.278147738333155,Kasama,Northern,7,2024,9,29,1.5714285714285714,0.08005234700854902,0.005393228162165786,1,FALSE,0.07700950941388258
3447651,31.259915892319512,-10.288328244646497,Kasama,Northern,10,2024,8,3,4.1,0.5577361769974835,0.5137430314266157,1,TRUE,0.44323359870517137
3448011,31.40593043315906,-10.298121050971918,Kasama,Northern,1,2023,6,14,2,0.3212960729458009,0,1,TRUE,0.27861312831963947
3448757,32.87612646029777,-10.320113128647003,Isoka,Muchinga,1,2023,10,1,1,0,0,1,FALSE,0
3449974,30.81224751556092,-10.348880698415956,Kasama,Northern,2,2024,7,29,1,0,0,1,FALSE,0
3450343,31.6795646367892,-10.36264840885022,Mungwi,Northern,1,2024,6,12,1,0,0,1,FALSE,0
3452668,31.35049313576777,-10.424415020767784,Kasama,Northern,1,2024,6,12,5,0.0460869669187677,0.0460869669187677,1,FALSE,0.045056504556354696
3454042,32.08112624108865,-10.463522014558814,Chinsali,Muchinga,1,2024,9,3,1,0,0,1,FALSE,0
3458830,31.925402180362752,-10.580591285397292,Chinsali,Muchinga,2,2024,9,16,1,0,0,1,TRUE,0
3475663,30.094929228012965,-10.93037319885476,Chilubi,Northern,2,2024,8,11,1.5,0.0193090830389551,0,1,TRUE,0.01912502820810919
3477121,30.99993191506025,-10.964755968941938,Kanchibiya,Muchinga,1,2022,7,31,1,0,0,1,TRUE,0
3478587,33.031466179945376,-10.99845060223154,Chama,Eastern,1,2023,10,4,2,0.014338019648023,0,1,TRUE,0.014236202329403362
3481688,30.47786999262112,-11.051240656305708,Chilubi,Northern,2,2017,9,15,1,0,0,1,TRUE,0
3482107,31.200577289683576,-11.065445047565865,Kanchibiya,Muchinga,3,2022,8,6,1.6666666666666667,0.0066500727515108335,0.0013202128328292332,1,TRUE,0.00662805856112762
3483238,31.27363031329536,-11.092991719988104,Kanchibiya,Muchinga,4,2024,6,12,1,0,0,1,FALSE,0
3483924,31.044711661724858,-11.109671732981573,Kanchibiya,Muchinga,2,2024,7,21,1,0,0,1,TRUE,0
3484254,30.39499439439374,-11.113784768736451,Chilubi,Northern,2,2023,7,15,1,0,0,1,FALSE,0
3484659,33.18716629483917,-11.134053433753198,Chama,Eastern,2,2023,9,23,3,0.05485223194864345,0.0336540350598952,1,TRUE,0.0534006926144257
3488549,33.159746906375155,-11.233551761836951,Chama,Eastern,3,2023,9,23,2.3333333333333335,0.028742398286859667,0.0014682153880881332,1,FALSE,0.02833708371025937
3491039,30.59476957195517,-11.296178146402184,Chilubi,Northern,1,2019,8,10,1,0,0,1,TRUE,0
3494573,30.429019945464457,-11.403209875188525,Chilubi,Northern,2,2016,8,21,1,0,0,1,TRUE,0
3498104,31.50936846019163,-11.528216542002074,Mpika,Muchinga,2,2019,8,27,3.5,0.2875525149360661,0.07717770245680565,1,TRUE,0.2527431410237912
3498899,32.94898327674912,-11.559165699250448,Chama,Eastern,2,2023,9,8,1,0,0,1,TRUE,0
3501586,32.81132512614987,-11.685718944578827,Chama,Eastern,1,2018,7,13,2,0.022776736199093,0,1,FALSE,0.02252121896610194
3503050,32.857161567686724,-11.767137234366336,Chama,Eastern,1,2023,9,8,2,0.022275774716883,0,1,TRUE,0.022031293656549895
3503621,31.42533490960305,-11.798986728753894,Mpika,Muchinga,3,2022,6,23,1,0,0,1,TRUE,0
3504043,31.434356858051235,-11.826157726704926,Mpika,Muchinga,6,2022,6,23,3.5,0.16193483782773077,0.14135665139070586,1,TRUE,0.15008657925639188
3504569,32.58166277520353,-11.86634223569343,Chama,Eastern,1,2023,9,8,4,0.0060715815210562,0.0060715815210562,1,TRUE,0.0060532237396746826
3507087,32.93052197027856,-12.02942447671783,Chasefu,Eastern,1,2023,9,8,3,0.0129666940255023,0.0129666940255023,1,TRUE,0.01288334617273011
3507315,33.11427322279344,-12.047496431472386,Chasefu,Eastern,2,2022,8,19,2.5,0.00776525453259765,0.00776525453259765,1,TRUE,0.007735260119720811
3508583,33.004021054728526,-12.137953081331764,Chasefu,Eastern,1,2023,9,10,1,0,0,1,FALSE,0
3509734,30.2195768700988,-12.196265686684374,Lavushimanda,Muchinga,2,2023,7,18,1,0,0,1,FALSE,0
3509924,32.90289176590386,-12.21932541515325,Lumezi,Eastern,1,2023,9,8,1,0,0,1,TRUE,0
3511140,32.93965003414552,-12.291681657063265,Lumezi,Eastern,1,2023,8,26,1,0,0,1,TRUE,0
3511454,33.10518863487215,-12.309754450225595,Lundazi,Eastern,10,2023,8,30,1,0,0,1,FALSE,0
3511469,33.24314026470543,-12.309666542306966,Lundazi,Eastern,10,2016,6,30,1.78,0.059602019170606646,0.010060939619991119,5,TRUE,0.057893384010985954
3511615,33.15117779960943,-12.318776034167405,Lundazi,Eastern,10,2023,8,30,2.9,0.05277163888233386,0.02911678294179183,1,TRUE,0.05142634247447844
3511707,29.99790271453412,-12.311353253852175,Chitambo,Central,1,2023,7,21,1,0,0,1,FALSE,0
3512405,30.162841954439067,-12.349249208511877,Chitambo,Central,1,2020,7,7,1,0,0,1,FALSE,0
3513332,33.040826366567046,-12.409246288523764,Lumezi,Eastern,3,2023,9,10,1,0,0,1,TRUE,0
3513441,30.051997002188163,-12.402264797031709,Chitambo,Central,1,2023,7,21,1,0,0,1,TRUE,0
3513696,33.04082918633621,-12.42733250925433,Lumezi,Eastern,2,2023,9,10,1,0,0,1,FALSE,0
3514075,32.39673375556805,-12.444749145157786,Lumezi,Eastern,2,2023,8,13,3.5,0.11962192846355679,0.0809174760467272,1,TRUE,0.11299106444767013
3514223,30.00564553379765,-12.4378842384199,Chitambo,Central,1,2023,7,21,2,0.2040748635989699,0,1,FALSE,0.185711524022503
3514243,30.3732544435154,-12.441704991529056,Chitambo,Central,2,2024,7,16,1,0,0,1,TRUE,0
3514658,31.04428764174768,-12.465467768898517,Lavushimanda,Muchinga,1,2016,10,24,1,0,0,1,TRUE,0
3515717,32.884373278038844,-12.517741505680975,Lumezi,Eastern,2,2023,8,26,1,0,0,1,FALSE,0
3516333,33.040847622943474,-12.544892354990466,Lumezi,Eastern,2,2023,9,10,4,0.24891170193474532,0.2348350470950616,1,TRUE,0.22227253363622043
3516743,33.17893616117345,-12.562921804549546,Lundazi,Eastern,3,2021,8,28,2.6666666666666665,0.08614198745705387,0.004122295806525167,1,TRUE,0.08263195648033783
3517269,32.87513429296739,-12.590081395177108,Lumezi,Eastern,1,2023,8,26,1,0,0,1,FALSE,0
3517421,30.42697384871624,-12.586777210011917,Chitambo,Central,2,2024,9,6,1,0,0,1,FALSE,0
3517634,30.997257090181403,-12.600693003207333,Lavushimanda,Muchinga,1,2017,9,26,2,0.1918297520220066,0,1,TRUE,0.17548973295773337
3517855,32.838290609783215,-12.617190534841557,Lumezi,Eastern,1,2023,9,23,3,0.0106272667378421,0.0106272667378421,1,TRUE,0.010571194253674624
3518417,30.4357215202094,-12.63203489765614,Chitambo,Central,2,2024,9,6,1,0,0,1,FALSE,0
3518804,32.98561053138583,-12.662453921382868,Lumezi,Eastern,1,2023,9,10,3,0.0492014701273937,0.0235440137948228,1,TRUE,0.04802937019849971
3519138,32.91193006450359,-12.680525606430518,Lumezi,Eastern,1,2023,8,26,1,0,0,1,FALSE,0
3519706,30.43508914546537,-12.695271743444648,Chitambo,Central,2,2024,9,6,1,0,0,1,FALSE,0
3521001,30.38852961128634,-12.749023856395286,Chitambo,Central,1,2017,9,18,1,0,0,1,FALSE,0
3522222,32.86581386376705,-12.807106517628286,Lumezi,Eastern,1,2019,9,8,5,0.0282101849773445,0.0282101849773445,1,TRUE,0.02781960622854994
3522432,30.986419335397525,-12.808481954238276,Lavushimanda,Muchinga,1,2023,7,15,3,0.2063903661272251,0.1210607050957904,1,TRUE,0.1876327326024221
3522623,30.5719946315822,-12.81402135010124,Chitambo,Central,2,2023,6,12,3,0.08662008145188535,0.08662008145188535,1,TRUE,0.08307203596201582
3522634,30.72851342663021,-12.81541930307051,Chitambo,Central,1,2024,7,21,4,0.1430154005516516,0.1430154005516516,1,TRUE,0.13366985852037314
3523632,30.46115962895857,-12.849114246719548,Chitambo,Central,2,2024,9,6,1,0,0,1,TRUE,0
3524948,30.4054545980428,-12.893741371889632,Chitambo,Central,2,2024,8,11,1,0,0,1,FALSE,0
3525249,30.61717496387136,-12.904791658993124,Chitambo,Central,2,2023,6,12,1.5,0.0026376108962766,0,1,FALSE,0.0026341385051940327
3525879,31.003907933981843,-12.926106967372377,Lavushimanda,Muchinga,2,2023,6,14,2,0.1120640380283768,0.0229257347939839,1,FALSE,0.1062177823252716
3526147,30.58007423748632,-12.931557191550258,Chitambo,Central,2,2023,6,12,1,0,0,1,TRUE,0
3526740,30.101000039704385,-12.944737838673404,Serenje,Central,2,2020,9,20,1,0,0,1,FALSE,0
3529880,30.173744492800843,-13.02683203922435,Serenje,Central,2,2020,7,7,2,0.0499509193002004,0.0499509193002004,1,FALSE,0.04874341955330079
3531413,30.83682680474056,-13.069365968963773,Chitambo,Central,2,2023,6,14,1,0,0,1,FALSE,0
3532583,30.65223183455933,-13.094861732998243,Chitambo,Central,1,2024,7,21,1,0,0,1,FALSE,0
3532965,30.366431647010568,-13.101135121208118,Serenje,Central,3,2024,8,11,1,0,0,1,TRUE,0
3533713,30.2556502996842,-13.118045705777616,Serenje,Central,5,2024,7,16,1.8,0.07689396311439542,0.047515421665521064,1,TRUE,0.0740809375373714
3533744,30.79947565175418,-13.123270264238558,Chitambo,Central,2,2023,6,14,2.5,0.1553514310713628,0.1553514310713628,1,FALSE,0.14440456701908835
3535360,32.86561957976686,-13.16881451561086,Lumezi,Eastern,3,2023,10,6,3.6666666666666665,0.07204552424336784,0.05493041566483856,1,TRUE,0.06956852839186049
3535732,32.57954460278515,-13.177547664589795,Chipangali,Eastern,1,2023,9,26,1,0,0,1,TRUE,0
3536045,30.19974481443143,-13.171640731479837,Serenje,Central,5,2024,7,16,3.2,0.09470238447157042,0.09470238447157042,1,TRUE,0.09048253132237616
3536075,30.75288609797549,-13.177085684547157,Chitambo,Central,1,2024,7,21,4,0.221231979258499,0.1213269787308962,1,TRUE,0.19986016828522665
3536452,30.218076615168897,-13.18087327579023,Serenje,Central,5,2024,7,16,2.4,0.13215717833332294,0.009924670491872881,1,TRUE,0.12412482025998225
3536876,30.144235320748912,-13.18909337679958,Serenje,Central,3,2020,7,7,4.666666666666667,0.13314338356701363,0.13314338356701363,1,TRUE,0.1249955261721101
3538200,31.914939998721863,-13.229843823505156,Mambwe,Eastern,1,2023,6,29,1,0,0,1,FALSE,0
3538582,30.660162688487706,-13.230470829541636,Chitambo,Central,1,2023,7,18,1,0,0,1,FALSE,0
3538650,32.78250532077846,-13.241097655779791,Chipangali,Eastern,2,2019,9,6,3,0.2774677440301937,0.2729429065301284,1,TRUE,0.24487979348552022
3539821,32.73632369082129,-13.26818149980589,Chipangali,Eastern,2,2023,9,23,1,0,0,1,FALSE,0
3540130,30.429243385396124,-13.264388237972174,Serenje,Central,2,2024,9,16,2.5,0.0735918154439647,0.02308119298742225,1,TRUE,0.0710098637374852
3540496,30.346149305899964,-13.272569985232977,Serenje,Central,1,2019,7,29,3,0.1431540092112196,0.0906895003737624,1,TRUE,0.13379111695305612
3541634,32.54237967902526,-13.313118321803287,Chipangali,Eastern,2,2023,9,26,1,0,0,1,FALSE,0
3542377,30.05976567188967,-13.314582835654416,Serenje,Central,3,2024,7,29,1,0,0,1,TRUE,0
3542802,30.17031974845271,-13.32487202375814,Serenje,Central,4,2024,7,29,1.75,0.007032023852904175,0.007032023852904175,1,TRUE,0.007007414474971208
3543692,32.4868866143402,-13.358223079212593,Chipangali,Eastern,2,2023,9,13,3,0.0645195286870539,0.04251157477956505,1,FALSE,0.06252355059134566
3544077,30.188451233860867,-13.352171711408031,Serenje,Central,2,2019,7,27,3,0.15260784633010843,0,1,TRUE,0.14202706750212385
3544577,32.63461502925234,-13.37656387677797,Chipangali,Eastern,1,2023,10,4,4,0.0075216813844882,0.0075216813844882,1,TRUE,0.007493534591753121
3546267,32.4960084148876,-13.41249418095756,Chipangali,Eastern,3,2019,10,15,1,0,0,1,FALSE,0
3546659,32.33896187547248,-13.42117349749156,Mambwe,Eastern,2,2019,10,15,1,0,0,1,FALSE,0
3548681,30.214978294356403,-13.4518261190129,Serenje,Central,2,2024,7,16,2.5,0.0032992430204043,0.00269683366752085,1,FALSE,0.003293812459365976
3548689,30.41800346394384,-13.453992959080276,Serenje,Central,2,2024,9,19,2,0.0405228690944459,0,1,TRUE,0.03972334555710735
3549556,32.41270248100964,-13.4846498187195,Chipangali,Eastern,2,2019,10,15,1,0,0,1,FALSE,0
3552504,32.310888936159415,-13.547683367553049,Kasenengwa,Eastern,2,2024,8,26,1,0,0,1,TRUE,0
3554811,30.13031126784101,-13.586356807310414,Serenje,Central,1,2024,7,29,1,0,0,1,FALSE,0
3554818,30.204170532079345,-13.587196650395756,Serenje,Central,2,2019,7,27,1,0,0,1,TRUE,0
3555216,32.06112496398663,-13.610158627884504,Mambwe,Eastern,2,2024,7,26,1.5,0.02500594458810205,0,1,FALSE,0.024698412171702235
3555634,32.458592497175346,-13.620382422977825,Kasenengwa,Eastern,2,2018,10,29,4,0.2209923606476992,0.2209923606476992,1,TRUE,0.1996639384732038
3556386,32.282892408201775,-13.638021242841484,Kasenengwa,Eastern,2,2024,8,26,3,0.0147631630146943,0.005444015192094,1,FALSE,0.014655248335117724
3558430,32.57866193114548,-13.683909012109424,Chipata,Eastern,5,2020,8,17,1.4,0.005742865643935681,0.005742865643935681,1,FALSE,0.0057264382545530275
3560645,32.58783042202027,-13.729134460270158,Chipata,Eastern,1,2016,6,23,4,0.0116474974861683,0.0116474974861683,1,TRUE,0.011580187544725251
3564758,32.421148935620266,-13.810175799137705,Chipata,Eastern,1,2016,6,23,4,1.9984355942943424,0.4977755402702134,1,TRUE,1.098090684087537
3565561,31.699459321941088,-13.825494724245043,Lusangazi,Eastern,1,2023,7,17,1,0,0,1,FALSE,0
3566430,31.745616454063903,-13.843815457369258,Lusangazi,Eastern,1,2023,7,17,1,0,0,1,FALSE,0
3568266,32.41171503371649,-13.882486872136544,Chipata,Eastern,1,2019,6,28,2,0.2078908389483464,0,1,FALSE,0.18887573032046598
3572350,32.21709278693374,-13.963312699703222,Katete,Eastern,2,2024,9,8,1,0,0,1,FALSE,0
3572890,32.89294298369383,-13.973591739493871,Vubwi,Eastern,2,2024,7,31,1,0,0,1,FALSE,0
3573237,31.522728292079467,-13.978163837987925,Lusangazi,Eastern,1,2023,7,25,1,0,0,1,FALSE,0
3573243,31.57826550439026,-13.978495337792392,Lusangazi,Eastern,1,2016,6,30,1,0,0,1,FALSE,0
3573363,32.85590147606239,-13.982614582646873,Vubwi,Eastern,3,2024,7,31,2,0.0364482512136603,0.02514416437621783,1,TRUE,0.03579972517715133
3574202,31.65221203690749,-13.996996574227987,Sinda,Eastern,1,2023,7,2,3,0.1275224103688285,0.1275224103688285,1,TRUE,0.12002266835577435
3575748,32.142797319235065,-14.026349805642862,Katete,Eastern,3,2024,9,8,3,0.14068252519536797,0.0062507863965908335,1,FALSE,0.1316267895650097
3576763,31.71676321435361,-14.042546516857016,Sinda,Eastern,1,2023,7,17,1,0,0,1,TRUE,0
3577325,31.88339449215668,-14.052413751318142,Katete,Eastern,3,2023,6,29,1.3333333333333333,0.003908186938724433,0,1,TRUE,0.003900569815793908
3577984,32.84658808509332,-14.06398643612544,Vubwi,Eastern,2,2023,8,7,1.5,0.00432222022008575,0.00432222022008575,1,TRUE,0.0043129062546324055
3578388,31.17031297198576,-14.066143170740336,Petauke,Eastern,1,2023,7,15,1,0,0,1,TRUE,0
3581290,32.02203430023507,-14.116299871213558,Katete,Eastern,3,2024,8,8,1.3333333333333333,0.008108548285466534,0,1,FALSE,0.008075850642508042
3581356,32.65199295473701,-14.118035136251482,Chadiza,Eastern,1,2019,6,29,1,0,0,1,TRUE,0
3581818,31.8830428929548,-14.12473537724542,Katete,Eastern,3,2024,6,30,1.3333333333333333,0.0113941134077854,0,1,FALSE,0.011329689405345997
3582426,32.48519086732496,-14.135819312661326,Chadiza,Eastern,1,2019,6,29,1,0,0,1,FALSE,0
3584001,32.253478964879626,-14.162335063523043,Katete,Eastern,1,2024,9,8,1,0,0,1,FALSE,0
3584515,31.9940058370585,-14.170428281036004,Katete,Eastern,2,2024,8,8,4,0.0299888944603296,0.0299888944603296,1,TRUE,0.029548020106067486
3584528,32.11445939353644,-14.17090326064885,Katete,Eastern,1,2024,8,26,5,0.3790549276419316,0.2915348645734548,1,FALSE,0.3213984295204
3585591,31.743749332909573,-14.1873279440733,Sinda,Eastern,1,2023,6,6,3,0.040838659804732703,0.020995353517647,1,TRUE,0.04002679184294024
3586131,31.89195554717981,-14.19709962310604,Sinda,Eastern,1,2024,6,30,1,0,0,1,FALSE,0
3586693,32.049448500689145,-14.206817433985153,Katete,Eastern,2,2016,6,3,5,0.7572497138897676,0.5412717032518427,1,TRUE,0.5637499242568308
3587739,31.80841855210984,-14.223818774791328,Sinda,Eastern,1,2023,6,6,5,0.7795771721005424,0.761188308827647,1,TRUE,0.576375792322265
3587763,32.0586408411698,-14.224935283589309,Katete,Eastern,1,2024,8,26,5,0.5826487573561516,0.5826487573561516,1,FALSE,0.4590998721072105
3588830,31.71564735172124,-14.24141788739194,Sinda,Eastern,1,2023,6,6,5,0.7163826528391352,0.6900578337010856,1,TRUE,0.5402189673719333
3591018,31.99352585651232,-14.278913393691418,Sinda,Eastern,1,2024,8,8,5,0.1334416497092462,0.1334416497092462,1,TRUE,0.12525871166003605
3591021,32.02133568816333,-14.279029287920896,Sinda,Eastern,2,2024,8,8,2.5,0.0272532461391006,0.02444202908577935,1,TRUE,0.02688848880471785
3591512,31.85443490332305,-14.28732520488405,Sinda,Eastern,2,2024,6,30,5,0.631819631649293,0.5143252493246899,1,FALSE,0.4896957306114125
3595890,31.038137212961026,-14.363330999372184,Nyimba,Eastern,1,2023,6,14,1,0,0,1,TRUE,0
3596939,31.25120543704015,-14.383076223347857,Petauke,Eastern,2,2023,6,6,2,0.0263557278543263,0.0044721773808387,1,TRUE,0.02601439996571815
3597984,30.898765629135625,-14.398280828634002,Nyimba,Eastern,1,2016,6,30,1,0,0,1,FALSE,0
3599148,31.241651041788423,-14.419157150373197,Petauke,Eastern,2,2023,6,6,2.5,0.00909638613273195,0.00283407372799155,1,TRUE,0.009055263204291737
3599151,31.269469414012544,-14.419362769826458,Petauke,Eastern,1,2019,6,19,1,0,0,1,TRUE,0
3602213,30.61992594050664,-14.467915061569071,Nyimba,Eastern,2,2023,6,9,1,0,0,1,TRUE,0
3603781,31.259563361229404,-14.500631691813211,Petauke,Eastern,3,2023,6,6,3.6666666666666665,0.15223816467048215,0.09494049474556096,1,TRUE,0.1417062810712456
3609053,30.87842101827885,-14.58785852735246,Nyimba,Eastern,2,2024,8,16,1,0,0,1,FALSE,0
5035457,28.746150163314528,-9.998998634656031,Mwansabombwe,Luapula,3,2023,6,12,1,0,0,1,TRUE,0
5035749,29.439268005998773,-10.012714003219576,Kawambwa,Luapula,1,2016,10,14,1,0,0,1,TRUE,0
5035859,28.837502124519805,-10.025627288597727,Mwansabombwe,Luapula,4,2023,6,12,1,0,0,1,FALSE,0
5036316,29.156866349193923,-10.050821280696494,Kawambwa,Luapula,1,2023,6,4,1,0,0,1,TRUE,0
5036470,29.713109233637944,-10.055765660229328,Kawambwa,Luapula,1,2023,9,16,1,0,0,1,TRUE,0
5036558,28.7921482162558,-10.071077083988362,Mwansabombwe,Luapula,3,2019,6,18,3,0.08774393146862504,0.047407276863027835,1,FALSE,0.08410576362687756
5036583,29.175225997232403,-10.0687779330496,Kawambwa,Luapula,1,2023,6,4,1,0,0,1,TRUE,0
5037373,29.11173994709541,-10.12342195558946,Chipili,Luapula,1,2020,10,4,1,0,0,1,TRUE,0
5037524,29.07531087805492,-10.1326927892769,Chipili,Luapula,2,2023,6,9,1,0,0,1,TRUE,0
5038665,29.34947859029196,-10.203145050736977,Chipili,Luapula,1,2017,9,18,1,0,0,1,TRUE,0
5039025,28.692659237421186,-10.23433534907499,Mwense,Luapula,1,2020,9,3,1,0,0,1,FALSE,0
5039478,29.897116041274693,-10.243910716464178,Luwingu,Northern,3,2024,7,11,1,0,0,1,FALSE,0
5039875,29.559785559094355,-10.264814713703627,Kawambwa,Luapula,1,2023,7,18,1,0,0,1,TRUE,0
5042473,29.64279289064152,-10.37257318079272,Lupososhi,Northern,1,2023,6,22,1,0,0,1,TRUE,0
5042725,29.5698622058768,-10.382200804199588,Lupososhi,Northern,1,2023,7,18,1,0,0,1,FALSE,0
5043172,29.13185870056841,-10.403486494769274,Chipili,Luapula,1,2023,6,9,2,0.0859681133418969,0.00730359301647395,2,FALSE,0.0824718595170537
5043180,29.20489363251044,-10.402992144495554,Chipili,Luapula,1,2024,9,1,1,0,0,1,FALSE,0
5043183,29.232280778572907,-10.402802478697662,Chipili,Luapula,2,2024,9,1,1,0,0,1,FALSE,0
5044404,29.040854393415465,-10.449273888142631,Chipili,Luapula,1,2020,10,4,1,0,0,1,TRUE,0
5044612,28.648202687823336,-10.460584984082992,Mwense,Luapula,2,2023,6,20,1,0,0,1,TRUE,0
5044645,29.040913436415263,-10.458312437861766,Chipili,Luapula,2,2023,6,9,1,0,0,1,TRUE,0
5044692,29.59783918299284,-10.454260326342864,Lupososhi,Northern,1,2019,10,22,1,0,0,1,FALSE,0
5045338,29.031958345837825,-10.485486545526411,Chipili,Luapula,1,2020,10,4,1,0,0,1,TRUE,0
5045405,29.981410189221187,-10.478002421913851,Luwingu,Northern,1,2024,8,6,1,0,0,1,FALSE,0
5047466,28.69441336279321,-10.559789003626166,Mwense,Luapula,2,2020,9,3,1,0,0,5,FALSE,0
5047755,28.895460900369788,-10.567686210671924,Chipili,Luapula,2,2023,6,12,1,0,0,1,FALSE,0
5053004,29.024490396542067,-10.738624358535402,Mansa,Luapula,2,2024,9,14,1,0,0,1,FALSE,0
5053315,29.271321016330965,-10.74595620862111,Lupososhi,Northern,3,2023,7,18,1,0,0,1,FALSE,0
5056090,29.153154250224382,-10.837179398488626,Chipili,Luapula,2,2023,7,21,1,0,0,1,FALSE,0
5056518,28.613761461720888,-10.85855821951341,Mwense,Luapula,2,2023,6,20,1,0,0,1,TRUE,0
5056811,29.427616759263675,-10.862248736286071,Chifunabuli,Luapula,1,2023,7,5,1,0,0,1,FALSE,0
5061489,29.44783444255947,-11.097032548537772,Chifunabuli,Luapula,1,2023,9,16,4,0.4309413776008022,0.0409752373621049,1,FALSE,0.3583325336980076
5062566,28.862556495732075,-11.15545729747778,Mansa,Luapula,2,2019,6,14,2.111111111111111,0.07841252149433324,0.05341207831182474,5,FALSE,0.07549007228647597
5062577,28.963245212735,-11.154814839279414,Mansa,Luapula,2,2024,9,1,1.5,0.00188186032591445,0,1,FALSE,0.001880091845112973
5063118,29.97000634894012,-11.173630220530136,Chilubi,Northern,2,2018,8,27,1,0,0,5,FALSE,0
5063771,28.853805048624263,-11.21878795438838,Mansa,Luapula,1,2024,8,27,3,0.6873367277243821,0,1,TRUE,0.5231513851424765
5065766,29.220758998960257,-11.31569378565097,Mansa,Luapula,3,2022,6,11,1.3333333333333333,0.0102079582270882,0,1,TRUE,0.010156208893570658
5066378,29.01948586452851,-11.344252544671452,Mansa,Luapula,1,2017,8,23,1,0,0,1,FALSE,0
5070436,28.79163326112069,-11.52651697970969,Chembe,Luapula,3,2023,7,3,1,0,0,1,FALSE,0
5071386,28.791920319652057,-11.571713095281304,Chembe,Luapula,3,2023,7,3,1,0,0,1,TRUE,0
5073876,29.709607791766786,-11.691060863337691,Samfya,Luapula,3,2023,6,4,3.6666666666666665,0.8182091492931821,0.6117708272984012,1,TRUE,0.5978520327538895
5075645,25.03052097572894,-11.78748765385984,Mwinilunga,North-Western,2,2024,7,12,3,0.0111940295034647,0.0111940295034647,1,TRUE,0.011131840025407099
5075878,27.21479109042737,-11.80326597420689,Mushindano,North-Western,10,2016,10,15,4.5,0.8561901660417653,0.8561901660417653,1,TRUE,0.6185260892671393
5076517,28.85777929888037,-11.82439532225278,Chembe,Luapula,2,2024,8,19,1,0,0,1,TRUE,0
5076731,29.545862495856948,-11.828091338630967,Samfya,Luapula,2,2019,6,26,3,0.06756509505813796,0.05435238161751225,1,FALSE,0.06538044323867873
5078002,27.03121220338049,-11.91186711675204,Mushindano,North-Western,1,2024,8,22,2,0.1593679138023341,0,1,TRUE,0.1478749547107439
5078070,29.58322764662623,-11.90003344965559,Samfya,Luapula,1,2020,8,5,1,0,0,1,FALSE,0
5078220,28.711530164910084,-11.91571272579,Chembe,Luapula,1,2023,7,3,1,0,0,1,FALSE,0
5078475,26.434256662632936,-11.93843019569868,Solwezi,North-Western,5,2023,9,27,1,0,0,1,FALSE,0
5079181,26.342333532422355,-11.9744017538458,Solwezi,North-Western,2,2023,10,10,1.5,0.0078154844264157,0,1,FALSE,0.007785101728997541
5080086,26.96691650937558,-12.020387789934912,Mushindano,North-Western,1,2024,8,22,1,0,0,1,TRUE,0
5080214,26.434068312176784,-12.028859731889172,Solwezi,North-Western,4,2023,9,27,1,0,0,1,FALSE,0
5080226,26.56268370458588,-12.02909073587198,Solwezi,North-Western,4,2023,9,27,1.5,0.08525299158784763,0.003110167002527425,1,FALSE,0.08181313178243052
5080528,26.37890676682766,-12.046828256919044,Solwezi,North-Western,4,2023,9,27,1,0,0,1,TRUE,0
5081774,26.94852203830596,-12.12890502913868,Mushindano,North-Western,1,2024,8,22,1,0,0,1,TRUE,0
5081886,26.387888391252343,-12.137276646824324,Solwezi,North-Western,10,2022,9,10,2.3,0.06203733839977854,0.03744886644774448,1,TRUE,0.06018908077022881
5081992,29.56702071611068,-12.1260573251937,Samfya,Luapula,3,2023,7,31,1,0,0,1,FALSE,0
5082172,25.49643987881532,-12.15195257621632,Kalumbila,North-Western,2,2023,7,19,1,0,0,1,FALSE,0
5084036,29.485311796159184,-12.226192659043882,Milengi,Luapula,1,2019,6,26,2,0.0638601239720061,0,1,FALSE,0.0619039198451846
5084682,27.88637436508584,-12.26312636642222,Chililabombwe,Copperbelt,8,2024,8,14,2.625,0.14465464986370463,0.08515849804822984,1,TRUE,0.13510297567143806
5084817,26.46113747772756,-12.27307215938599,Solwezi,North-Western,3,2023,7,24,1,0,0,1,FALSE,0
5084882,27.22436045318909,-12.273510071122654,Mushindano,North-Western,2,2021,10,16,1.5,0.0491514280703513,0,1,TRUE,0.04798167368654039
5084883,27.233555941414085,-12.27350238911974,Mushindano,North-Western,2,2021,10,16,1,0,0,1,TRUE,0
5085893,25.31170964877701,-12.304560532847312,Kalumbila,North-Western,2,2024,6,21,1,0,0,1,FALSE,0
5085925,25.76219823518388,-12.306971825203702,Kalumbila,North-Western,2,2020,8,2,1,0,0,1,TRUE,0
5087207,26.506978394691444,-12.345501484189722,Solwezi,North-Western,2,2022,6,16,1,0,0,1,FALSE,0
5087242,26.828905175867668,-12.345893682141424,Mushindano,North-Western,1,2023,8,11,1,0,0,1,FALSE,0
5087637,27.647542051182885,-12.354220813635092,Chililabombwe,Copperbelt,6,2023,7,29,4.333333333333333,0.33506363051973437,0.18850563981323354,1,FALSE,0.2889789540270158
5087738,29.65181113159898,-12.34208326612946,NA,NA,3,2023,6,19,1,0,0,1,TRUE,0
5088193,26.85648452150439,-12.373038976620991,Mushindano,North-Western,1,2023,8,11,1,0,0,1,TRUE,0
5088410,25.75266132237361,-12.379258088896892,Kalumbila,North-Western,2,2020,8,2,1,0,0,1,TRUE,0
5088504,26.801283754678018,-12.382047339949745,Mushindano,North-Western,1,2023,6,7,1,0,0,1,FALSE,0
5088552,27.31644513841109,-12.381935776658963,Lufwanyama,Copperbelt,3,2023,6,17,2,0.021520616289749866,0.020717391761059634,1,FALSE,0.021292317440698663
5088679,24.869863338037543,-12.382811453676029,Mwinilunga,North-Western,2,2024,7,12,1,0,0,1,TRUE,0
5089086,26.37808331685522,-12.399493794818008,Solwezi,North-Western,3,2023,7,24,1,0,0,1,TRUE,0
5089540,27.840864856368995,-12.407946095581432,Chililabombwe,Copperbelt,10,2024,9,4,1,0,0,1,FALSE,0
5091154,28.24582179661913,-12.4515943367674,Mufulira,Copperbelt,8,2023,9,11,2.625,0.02808683659070376,0.022456286744250088,1,TRUE,0.027699634857201432
5091541,26.157069715388104,-12.471235118052936,Kalumbila,North-Western,1,2023,8,6,1,0,0,1,TRUE,0
5092073,25.94536904734107,-12.488574491501874,Kalumbila,North-Western,2,2024,7,9,1,0,0,1,FALSE,0
5092190,27.80431821073314,-12.489437428599889,Chingola,Copperbelt,10,2024,9,4,5,2.6101999435681176,2.6101999435681176,1,TRUE,1.2837631568409895
5092601,24.960879112558818,-12.501002119335134,Kalumbila,North-Western,1,2024,7,12,1.2,0.04581620538452772,0,5,FALSE,0.04479763833411567
5092765,27.970021677403125,-12.506975929125732,Chingola,Copperbelt,9,2024,8,14,1.7777777777777777,0.07014414957172638,0.024426289249729775,1,FALSE,0.06779335862590732
5092795,28.27368561860627,-12.505710698955502,Mufulira,Copperbelt,10,2022,9,22,3.9,0.11692716049138165,0.10194093158465688,1,TRUE,0.11058130801575498
5092797,28.29208837329414,-12.505623017904083,Mufulira,Copperbelt,10,2022,9,22,1,0,0,1,FALSE,0
5093009,27.555909338514347,-12.51719206393068,Chingola,Copperbelt,1,2023,6,17,1,0,0,1,FALSE,0
5093054,28.043676471507485,-12.515742182140643,Chingola,Copperbelt,5,2024,6,10,4.2,34.52589160404319,34.52589160404319,1,FALSE,3.5702617716004665
5093148,24.179106535925907,-12.512013925532743,Mwinilunga,North-Western,2,2023,7,19,1,0,0,1,FALSE,0
5093220,26.57106620841706,-12.526467260394602,Solwezi,North-Western,2,2022,6,16,3,0.30633613190588227,0.11121283434705595,1,TRUE,0.26722637285830375
5093292,27.72159785402837,-12.525841109482794,Chingola,Copperbelt,8,2023,7,29,3.5,0.10058436580460128,0.07282311995465686,1,TRUE,0.09584128038598651
5093888,24.86853411781074,-12.545473689685547,Mwinilunga,North-Western,1,2024,7,12,1,0,0,1,FALSE,0
5094451,27.9334396576658,-12.57039880251246,Chingola,Copperbelt,10,2024,8,14,1,0,0,1,TRUE,0
5094637,27.67572077636895,-12.58021501088389,Lufwanyama,Copperbelt,4,2023,7,29,3,0.0708008173354592,0.0708008173354592,1,FALSE,0.06840679595799695
5094851,27.85065528867237,-12.588758565855944,Chingola,Copperbelt,10,2024,9,4,1.1,7.685102308359699e-4,0,1,FALSE,7.682150780574596e-4
5095054,27.92433194600672,-12.59755616023735,Chingola,Copperbelt,10,2022,10,1,1,0,0,1,TRUE,0
5095226,27.69420510442572,-12.607294903455015,Lufwanyama,Copperbelt,4,2023,7,29,4.75,0.7986739310531672,0.7986739310531672,1,TRUE,0.5870496884311975
5096554,26.50636052066168,-12.671039226883508,Solwezi,North-Western,2,2022,6,16,1,0,0,1,TRUE,0
5096751,26.46950491686022,-12.680010867381254,Mushindano,North-Western,3,2023,7,24,1,0,0,1,FALSE,0
5097297,28.339079964981533,-12.695248977268104,Mufulira,Copperbelt,10,2023,10,7,1.3,0.03678946469916946,0.03381265557013362,1,TRUE,0.03612888520156242
5098721,28.35783233561157,-12.758437909707572,Kitwe,Copperbelt,10,2023,10,7,3.8,0.5786005168972336,0.5501367893754313,1,TRUE,0.4565387057323962
5098939,28.21971950669261,-12.768152481405462,Kitwe,Copperbelt,10,2022,10,5,3.2,0.2784715040041752,0.16920999860269265,1,TRUE,0.2456652268844991
5099635,28.06324144512697,-12.795953195067476,Kalulushi,Copperbelt,10,2023,9,24,1.6,0.00559783595942901,0.00155944518823718,1,FALSE,0.005582226302154901
5099924,28.40413228419357,-12.803397969227287,Kitwe,Copperbelt,5,2023,10,7,1.4,0.03227130291410012,0.03227130291410012,1,FALSE,0.03176152293037905
5100034,26.874667532353435,-12.816153706799792,Mushindano,North-Western,1,2023,8,11,1,0,0,1,TRUE,0
5100192,28.49629957130005,-12.81193056761853,Ndola,Copperbelt,3,2017,7,20,4.333333333333333,0.35194875489136374,0.3447261300446153,1,TRUE,0.30154707371556727
5100388,27.7408669435007,-12.824183026220645,Kalulushi,Copperbelt,5,2023,7,29,2.8,0.07598336960616978,0.07598336960616978,1,FALSE,0.07323500586380345
5100794,26.625829492903883,-12.84304556901112,Mushindano,North-Western,2,2024,6,26,1,0,0,1,FALSE,0
5100895,27.704059667233928,-12.842368546250936,Lufwanyama,Copperbelt,4,2023,7,29,1,0,0,1,TRUE,0
5101457,28.284653725589227,-12.85825242145909,Kitwe,Copperbelt,10,2022,10,5,2.6,0.05712045857919594,0.03630777641926388,1,TRUE,0.055548663099855185
5102506,27.70421103529076,-12.89662126678664,Lufwanyama,Copperbelt,4,2023,7,29,1,0,0,1,FALSE,0
5102970,26.920710413926443,-12.915642422961453,Lufwanyama,Copperbelt,1,2023,8,11,1,0,0,1,FALSE,0
5103073,27.92548116143703,-12.91401564258685,Lufwanyama,Copperbelt,5,2022,7,25,4.6,0.48959558498095607,0.48959558498095607,1,TRUE,0.398504663640567
5103392,28.50615826014681,-12.92035405432882,Ndola,Copperbelt,6,2021,6,2,3,0.048411965057303934,0.024924135604012482,1,TRUE,0.04727660508541616
5103834,27.08665217829759,-12.94276835492483,Lufwanyama,Copperbelt,1,2023,10,15,1,0,0,1,FALSE,0
5103911,27.82417947900961,-12.94148052442241,Lufwanyama,Copperbelt,6,2024,8,27,1.3333333333333333,7.744598815502167e-4,7.744598815502167e-4,1,FALSE,7.741601422435463e-4
5103977,28.52469882024837,-12.938326203904024,Ndola,Copperbelt,7,2021,6,2,3.142857142857143,0.09038754154185721,0.06905126438492531,1,TRUE,0.08653317574967598
5104372,26.54267585521041,-12.96046677532532,Mushindano,North-Western,1,2024,6,13,1,0,0,1,FALSE,0
5104454,27.40013948725908,-12.960560900162998,Lufwanyama,Copperbelt,2,2023,7,16,1,0,0,1,FALSE,0
5104750,27.372493206623453,-12.96964447154078,Lufwanyama,Copperbelt,2,2019,9,16,1,0,0,1,TRUE,0
5105284,26.616393223857443,-12.987713427166758,Mushindano,North-Western,2,2024,8,4,1,0,0,1,TRUE,0
5105407,27.89808849369721,-12.986445180008356,Lufwanyama,Copperbelt,5,2022,7,25,1,0,0,1,FALSE,0
5105614,26.8745774209563,-12.997008900796608,Mushindano,North-Western,1,2024,7,1,1,0,0,1,FALSE,0
5105681,27.55695640373993,-12.99644217186482,Lufwanyama,Copperbelt,3,2024,7,27,1,0,0,1,FALSE,0
5105746,28.23925192000523,-12.99408357994823,Luanshya,Copperbelt,7,2021,9,13,1,0,0,1,TRUE,0
5106265,27.317228869056635,-13.014930672050308,Lufwanyama,Copperbelt,2,2019,9,16,2.8,0.07670088531787868,0.05954182588782554,5,TRUE,0.07390163009040698
5106330,28.073379078112406,-13.012904379153523,Lufwanyama,Copperbelt,6,2023,9,24,1,0,0,1,TRUE,0
5107007,28.479152896241143,-13.02898847831871,Luanshya,Copperbelt,9,2022,10,6,2.5555555555555554,0.11121330840818745,0.09009221033712972,1,TRUE,0.10545248899551792
5107086,22.765116948643712,-13.00763573538742,Chavuma,North-Western,1,2019,7,12,1,0,0,1,FALSE,0
5107092,22.847890313408303,-13.008975334391796,Chavuma,North-Western,1,2019,7,12,1,0,0,1,FALSE,0
5107387,29.944488134419075,-13.025515042620404,Serenje,Central,1,2018,10,4,1,0,0,1,TRUE,0
5107440,24.08117352699557,-13.034837558067982,Manyinga,North-Western,1,2024,6,3,2,0.026683954072919,0,1,TRUE,0.026334146558322745
5108284,28.645337156145352,-13.064143908886573,Ndola,Copperbelt,10,2022,10,27,1.2,0.00215238471342847,0.00215238471342847,1,FALSE,0.002150071651922012
5109050,27.06825532697907,-13.09649967300811,Mushindano,North-Western,1,2023,9,19,1,0,0,1,FALSE,0
5109238,23.491090162029543,-13.081676213982186,Zambezi,North-Western,1,2023,9,12,1,0,0,1,FALSE,0
5109538,24.9099077047124,-13.106116461224092,Mufumbwe,North-Western,2,2024,6,8,2.5,0.141625105063795,0.0256444084169012,1,FALSE,0.13245277805974223
5109727,28.74707407411929,-13.10867059470169,Masaiti,Copperbelt,8,2022,10,6,1,0,0,1,FALSE,0
5109881,27.271237316509488,-13.123493751223137,Lufwanyama,Copperbelt,1,2023,9,19,1,0,0,1,TRUE,0
5110041,22.754378579568986,-13.097662510283351,Chavuma,North-Western,2,2021,7,11,1,0,0,1,TRUE,0
5110159,27.82480814535836,-13.131357263877268,Lufwanyama,Copperbelt,4,2024,8,1,1,0,0,1,FALSE,0
5110390,27.400430509409603,-13.141410085379071,Lufwanyama,Copperbelt,1,2023,7,16,1,0,0,1,FALSE,0
5110408,27.74180501200303,-13.140651882942375,Lufwanyama,Copperbelt,3,2024,8,14,1.3333333333333333,0.017063843770818467,0,1,FALSE,0.01691989166519958
5110647,27.474260296674167,-13.150326850432789,Lufwanyama,Copperbelt,1,2018,9,3,1,0,0,1,TRUE,0
5110886,27.44659608504697,-13.159418777601257,Lufwanyama,Copperbelt,1,2018,9,3,1,0,0,1,TRUE,0
5111079,24.8172382685615,-13.159568320099376,Mufumbwe,North-Western,1,2024,7,25,1,0,0,1,TRUE,0
5111148,27.548114775394705,-13.168264400453058,Lufwanyama,Copperbelt,2,2024,7,27,1,0,0,1,FALSE,0
5111375,25.93327560207352,-13.17567405756501,Kasempa,North-Western,1,2016,6,30,1,0,0,1,FALSE,0
5111969,27.843475582711605,-13.194588779340004,Lufwanyama,Copperbelt,3,2024,8,1,1,0,0,1,FALSE,0
5112364,29.955639413444167,-13.187960056813068,Serenje,Central,2,2023,9,21,2.5,0.0153807808667282,0.0117329447221776,1,FALSE,0.015263695704526428
5113272,24.92728219800517,-13.232778456552127,Mufumbwe,North-Western,2,2024,6,8,2.5,0.0485987751530846,0.0485987751530846,1,TRUE,0.04745477307730359
5113350,28.32352815166568,-13.237760276474187,Masaiti,Copperbelt,6,2021,9,13,4.666666666666667,0.09320993095415195,0.0886385741783497,1,TRUE,0.08911825932812821
5113406,28.849455125256707,-13.234492918177368,Masaiti,Copperbelt,2,2023,7,13,1.5,0.0413545501603232,0,1,TRUE,0.040522317775574884
5113464,22.90884261397376,-13.217447002353149,Zambezi,North-Western,1,2016,6,30,1,0,0,1,FALSE,0
5114433,28.812820564987604,-13.270909451599664,Masaiti,Copperbelt,2,2023,7,13,1,0,0,1,FALSE,0
5114616,27.825324369927923,-13.285064936630478,Lufwanyama,Copperbelt,3,2024,8,1,1,0,0,1,FALSE,0
5114640,28.157633083076487,-13.283770580409849,Mpongwe,Copperbelt,4,2023,8,3,1,0,0,1,TRUE,0
5115485,28.406994608832864,-13.30963458975044,Masaiti,Copperbelt,5,2024,8,1,5,3.545460546492132,3.545460546492132,1,TRUE,1.514129052857173
5115695,28.000862360727528,-13.32060031010011,Lufwanyama,Copperbelt,4,2023,8,3,1,0,0,1,FALSE,0
5115725,28.296275759517616,-13.319264007070082,Mpongwe,Copperbelt,8,2021,9,13,1.75,0.017390863922267123,0.0037502176709666877,1,TRUE,0.017241373537495424
5116705,25.74782637077545,-13.355647473760222,Kasempa,North-Western,2,2024,7,22,1,0,0,1,FALSE,0
5116740,27.419255071968298,-13.358395843755105,Lufwanyama,Copperbelt,2,2023,8,11,1,0,0,1,FALSE,0
5116856,29.70847426067113,-13.344262026609046,NA,NA,2,2023,7,31,1,0,0,1,FALSE,0
5117171,23.164667829025664,-13.347758074530766,Zambezi,North-Western,1,2019,8,8,1,0,0,1,TRUE,0
5117836,28.388998945282413,-13.39109433179096,Mpongwe,Copperbelt,6,2024,8,1,1.5,0.011650522450476783,0,1,TRUE,0.011583177676953603
5118537,27.871967091095645,-13.42053233453418,Mpongwe,Copperbelt,1,2017,7,17,1,0,0,1,FALSE,0
5118805,28.315326260106136,-13.427649777980385,Mpongwe,Copperbelt,8,2018,8,13,2,0.03569564457821151,0.01739226775101285,1,FALSE,0.035073321311019534
5118824,28.49078818323237,-13.426672928866845,Mpongwe,Copperbelt,5,2024,7,24,3.4,0.078105006841537,0.017382877989148962,1,TRUE,0.07520487668677418
5119012,27.89974325240944,-13.43851758167384,Mpongwe,Copperbelt,1,2017,7,17,1,0,0,1,FALSE,0
5119066,28.463139398111256,-13.435874729759318,Mpongwe,Copperbelt,6,2024,7,24,2.3333333333333335,0.08611978370141013,0.029038373184704952,1,TRUE,0.08261151349695589
5119246,27.83511554849652,-13.447781715408356,Mpongwe,Copperbelt,1,2017,7,17,4,0.1074638976343365,0.1074638976343365,1,FALSE,0.10207262433299108
5119273,28.08451692677659,-13.446830647256023,Mpongwe,Copperbelt,4,2023,8,3,3.5,0.1630854467135896,0.09807868877247128,1,TRUE,0.15107634178658563
5119276,28.112226937866023,-13.446709724807818,Mpongwe,Copperbelt,4,2023,8,3,1,0,0,1,FALSE,0
5119528,27.92752344165807,-13.456499478491745,Mpongwe,Copperbelt,1,2017,7,17,1,0,0,1,TRUE,0
5119807,27.890606535604203,-13.46567430762646,Mpongwe,Copperbelt,1,2017,7,17,1,0,0,1,FALSE,0
5120032,25.71950608930741,-13.473031026162886,Kasempa,North-Western,2,2024,7,22,1,0,0,1,TRUE,0
5120065,26.236829567992093,-13.47513515854939,Kasempa,North-Western,1,2023,7,24,1,0,0,5,FALSE,0
5120354,25.885736834311164,-13.482864133500662,Kasempa,North-Western,1,2024,6,26,5,0.1078628978300044,0.0973920965336691,1,TRUE,0.10243284224828847
5120412,28.00153571337054,-13.483339112600111,Mpongwe,Copperbelt,3,2023,8,3,1,0,0,1,FALSE,0
5120723,28.177103566647485,-13.491618045321406,Mpongwe,Copperbelt,6,2023,8,3,1.6666666666666667,0.03807011756632958,0.011845844914582284,1,FALSE,0.037363333104191036
5120741,28.343384539208785,-13.490782904122234,Mpongwe,Copperbelt,9,2024,8,1,1,0,0,1,FALSE,0
5121254,26.181274889403088,-13.511126411598692,Kasempa,North-Western,1,2023,7,24,1,0,0,1,FALSE,0
5121300,28.02012755987878,-13.510387499928614,Mpongwe,Copperbelt,3,2016,8,2,1.0666666666666667,0.22959205904632435,0,5,FALSE,0.20668245506128147
5121313,28.14023661349447,-13.509869798893437,Mpongwe,Copperbelt,4,2023,8,3,3.25,0.15988978360490458,0.07202985513080527,1,FALSE,0.1483249864704416
5121688,28.67609830830805,-13.515897754376889,Masaiti,Copperbelt,2,2023,8,8,5,1.0328194397718606,1.0328194397718606,1,TRUE,0.7094237160299711
5122278,27.7337785455548,-13.53851457799566,Mpongwe,Copperbelt,2,2017,8,24,5,5.085849732165711,5.085849732165711,1,TRUE,1.8059663604314944
5122385,28.805548626817977,-13.533074678617048,Masaiti,Copperbelt,2,2023,7,13,1,0,0,1,FALSE,0
5122410,29.054930798746483,-13.531150475906731,Mkushi,Central,3,2023,7,13,1,0,0,1,FALSE,0
5122644,28.131168329695,-13.54607394672368,Mpongwe,Copperbelt,4,2023,8,3,2,0.025766967268177825,0.025766967268177825,1,FALSE,0.02544059353230932
5122877,25.61743175476294,-13.55384997162388,Mufumbwe,North-Western,1,2024,7,30,1,0,0,1,FALSE,0
5122953,28.03880221484708,-13.555515821999531,Mpongwe,Copperbelt,3,2023,8,3,3.6666666666666665,45.51629547134277,45.51629547134277,1,FALSE,3.839802691447401
5123019,28.657874375014305,-13.552174826107022,Masaiti,Copperbelt,3,2023,8,8,4.333333333333333,0.3519437407595015,0.28560647847181253,1,FALSE,0.30154336489070066
5123392,29.341472467049417,-13.555739418308365,Mkushi,Central,1,2019,8,30,3,28.57234822431788,15.684173806850689,1,TRUE,3.3868397430995487
5123523,26.042425922855795,-13.573922731474132,Kasempa,North-Western,1,2023,10,10,3,0.2714271549625494,0,1,TRUE,0.2401400136077609
5124022,29.36935583489172,-13.57354719453566,Mkushi,Central,1,2019,8,30,2,0.1118745271737282,0,1,TRUE,0.10604735418658776
5124357,29.360209859433123,-13.582669347620126,Mkushi,Central,1,2019,8,30,2,0.0125231982327218,0,1,TRUE,0.012445431570872039
5124439,23.15184747545452,-13.57316579509172,Zambezi,North-Western,2,2020,6,13,1,0,0,1,FALSE,0
5124615,28.436408726992703,-13.598745043687028,Mpongwe,Copperbelt,3,2024,8,1,1,0,0,1,FALSE,0
5125013,29.471221098606257,-13.599663008877114,Mkushi,Central,2,2024,8,6,1,0,0,1,FALSE,0
5125072,23.170002249275537,-13.591493938043662,Zambezi,North-Western,1,2018,8,18,1,0,0,1,FALSE,0
5125093,24.212834901409057,-13.605359168705906,Kabompo,North-Western,3,2023,7,14,3.3333333333333335,0.07663724109880887,0.04005178674727287,1,TRUE,0.0738425179441931
5125283,29.10182411616368,-13.612092647631366,Mkushi,Central,4,2023,7,13,3.5,0.0853307951624778,0.0853307951624778,1,TRUE,0.08188482085993899
5125546,28.50126793062229,-13.62548107117574,Masaiti,Copperbelt,3,2024,7,24,1,0,0,1,FALSE,0
5125595,29.03723060409404,-13.621667126021778,Mkushi,Central,3,2023,7,13,1,0,0,1,FALSE,0
5125661,29.840804283936805,-13.613784878402766,Mkushi,Central,1,2016,10,27,1,0,0,1,FALSE,0
5125749,26.18084078010633,-13.63770573487478,Kasempa,North-Western,1,2023,7,4,1,0,0,1,TRUE,0
5125762,27.46597216356068,-13.63861917098384,Mpongwe,Copperbelt,2,2023,8,11,1,0,0,1,FALSE,0
5125874,28.769337075155068,-13.632756277373682,Kapiri Mposhi,Central,2,2018,10,6,1,0,0,1,FALSE,0
5126254,29.767144929364868,-13.63268114310608,Mkushi,Central,4,2024,6,7,1,0,0,1,TRUE,0
5126614,25.431929887245268,-13.66122563894767,Mufumbwe,North-Western,1,2016,6,30,1,0,0,1,FALSE,0
5126838,29.795061371294643,-13.650433811761948,Mkushi,Central,4,2024,6,7,1.75,0.008792733632371425,0.008792733632371425,1,FALSE,0.008754302661238833
5126866,23.16912972474337,-13.64562567761732,Zambezi,North-Western,1,2018,8,18,1,0,0,1,FALSE,0
5127061,29.2409062925269,-13.665095246063933,Mkushi,Central,3,2023,7,26,1,0,0,1,FALSE,0
5127197,27.55853268157676,-13.68363764319601,Mpongwe,Copperbelt,2,2024,7,27,1,0,0,1,FALSE,0
5127258,28.501611039636348,-13.679715848717288,Masaiti,Copperbelt,3,2024,7,24,4.333333333333333,0.27191913201446893,0.2500565584741979,1,TRUE,0.240526887436602
5127364,29.619778974261795,-13.670414544760082,Mkushi,Central,3,2023,7,31,2.3333333333333335,7.652143141493234,7.652143141493234,1,TRUE,2.157807052278186
5127794,28.73283452755744,-13.69628334378051,Kapiri Mposhi,Central,2,2018,10,6,1,0,0,1,FALSE,0
5128099,29.35213724676769,-13.700206434317588,Mkushi,Central,3,2019,7,11,1,0,0,1,TRUE,0
5128338,29.222851107700212,-13.710438532539344,Mkushi,Central,3,2023,7,26,1,0,0,1,TRUE,0
5128440,25.302075746671203,-13.723641373532397,Mufumbwe,North-Western,1,2023,9,22,1,0,0,1,FALSE,0
5128501,28.039553616748982,-13.72729035126831,Mpongwe,Copperbelt,3,2020,10,17,1,0,0,5,FALSE,0
5128650,29.67571238255024,-13.714983830648173,Mkushi,Central,3,2023,7,31,3,0.044412548032355094,0.0018192730984198666,1,TRUE,0.04345457235545258
5128775,28.05808953344187,-13.736252444825316,Mpongwe,Copperbelt,3,2023,8,3,1,0,0,1,TRUE,0
5128827,28.733099770105856,-13.732435532730667,Kapiri Mposhi,Central,2,2016,9,1,1,0,0,5,FALSE,0
5128947,22.03378570068303,-13.697584493788757,Zambezi,North-Western,1,2023,7,4,1,0,0,1,TRUE,0
5129022,27.364438245458505,-13.747293569390264,Mpongwe,Copperbelt,1,2023,7,16,1,0,0,1,TRUE,0
5129382,28.46508243459334,-13.752251112334289,Mpongwe,Copperbelt,3,2024,7,24,1,0,0,1,FALSE,0
5129442,29.130758662925057,-13.747396166997708,Mkushi,Central,5,2023,7,13,1,0,0,1,FALSE,0
5129560,25.88442335837856,-13.763121243307872,Kasempa,North-Western,1,2024,6,26,1,0,0,1,FALSE,0
5130041,29.306553190973315,-13.763885377899165,Mkushi,Central,4,2024,7,11,1,0,0,1,FALSE,0
5130509,28.28957713752233,-13.789392215880763,Mpongwe,Copperbelt,3,2017,7,31,1,0,0,1,FALSE,0
5130970,25.86570745814313,-13.808238651317165,Kasempa,North-Western,1,2024,6,26,1,0,0,1,FALSE,0
5130972,25.98596789049484,-13.808764606202445,Kasempa,North-Western,1,2023,10,10,1,0,0,1,FALSE,0
5131717,24.02545176406268,-13.81994141593918,Kabompo,North-Western,1,2023,6,10,1,0,0,1,FALSE,0
5132283,27.568194490835367,-13.85540930632238,Ngabwe,Central,1,2017,7,24,1,0,0,1,FALSE,0
5132316,28.003102906106005,-13.854013917620566,Mpongwe,Copperbelt,2,2023,8,3,1,0,0,1,FALSE,0
5132352,28.3824418373272,-13.852166169064716,Mpongwe,Copperbelt,2,2024,8,19,2.5,0.026971668151218,0.026971668151218,1,TRUE,0.026614343566105172
5132470,29.50151167193627,-13.843292109188257,Mkushi,Central,1,2024,9,1,1,0,0,1,FALSE,0
5133052,29.492459396436423,-13.86145336564645,Mkushi,Central,3,2024,9,1,1,0,0,1,TRUE,0
5133500,28.243858483742937,-13.88907010140641,Kapiri Mposhi,Central,1,2016,9,9,1,0,0,1,FALSE,0
5133803,28.54000900267712,-13.896421849035953,Kapiri Mposhi,Central,3,2016,9,1,3.6,0.22044526204140066,0.15040964524637088,5,TRUE,0.19921576104661562
5134131,29.18765344898528,-13.90051411823608,Mkushi,Central,3,2023,7,26,5,17.44005170424316,9.649389685022104,1,TRUE,2.9145250220422585
5134874,29.12315429976445,-13.928193435043925,Kapiri Mposhi,Central,3,2020,7,14,2.6666666666666665,0.06949980724094036,0.029906686564194134,1,TRUE,0.06719106930743218
5135545,28.23498909441377,-13.9614365651923,Kapiri Mposhi,Central,1,2016,9,9,1,0,0,1,TRUE,0
5135560,28.39234178473214,-13.960586352130465,Kapiri Mposhi,Central,3,2024,8,19,1,0,0,1,TRUE,0
5135765,28.01286703798174,-13.971504176365224,Kapiri Mposhi,Central,1,2023,8,3,1,0,0,1,TRUE,0
5135813,28.52197735870513,-13.96884858558236,Kapiri Mposhi,Central,2,2018,9,16,2.5,0.0183984504312531,0.0021626862352039,1,TRUE,0.018231246688076807
5136351,29.41971342743277,-13.9796372052403,Mkushi,Central,2,2024,8,6,1,0,0,1,TRUE,0
5136501,28.50364235171892,-13.996080462816222,Kapiri Mposhi,Central,8,2020,6,19,1,0,0,1,TRUE,0
5137204,28.29087957310187,-14.024425973672358,Kapiri Mposhi,Central,5,2020,6,6,3.8,0.06272639009315144,0.02670590528596898,1,TRUE,0.06083767214844944
5137232,28.55010716790701,-14.02290511495223,Kapiri Mposhi,Central,7,2020,6,19,1,0,0,1,FALSE,0
5137236,28.587137054947487,-14.022665213286162,Kapiri Mposhi,Central,4,2023,8,8,5,0.5974109028610125,0.583883934865025,1,TRUE,0.468384132857233
5137280,28.99441559864601,-14.019653008137954,Kapiri Mposhi,Central,1,2023,10,12,1,0,0,1,FALSE,0
5137461,28.596456953622244,-14.031642800241457,Kapiri Mposhi,Central,5,2023,8,8,1,0,0,1,FALSE,0
5137577,22.67351237287872,-14.007259178301313,Mitete,Western,1,2023,8,17,1,0,0,1,TRUE,0
5137972,29.216784247234624,-14.044827215999437,Luano,Central,1,2023,7,26,1,0,0,1,FALSE,0
5138038,26.383111350303967,-14.06324737859912,Kasempa,North-Western,1,2024,7,9,1,0,0,1,FALSE,0
5138095,28.22626042028796,-14.060922379981282,Kapiri Mposhi,Central,2,2020,6,6,1,0,0,1,FALSE,0
5138324,28.263351220208293,-14.069771229250549,Kapiri Mposhi,Central,4,2020,6,6,1,0,0,1,FALSE,0
5138367,28.726331226824183,-14.066904380400146,Kapiri Mposhi,Central,1,2019,10,25,1,0,0,1,FALSE,0
5138551,28.47639291600927,-14.077601587137597,Kapiri Mposhi,Central,7,2021,6,12,2,0.031155785995153427,0.024761338968746043,1,FALSE,0.03068029545826012
5138601,28.994885065487185,-14.073871713480202,Kapiri Mposhi,Central,2,2023,10,12,2.5,0.00578244284228395,0.00167819737321375,1,TRUE,0.0057657886899528795
5138716,27.652139596877085,-14.090279034769056,Ngabwe,Central,1,2017,9,22,1,0,0,1,FALSE,0
5138729,28.13378885898033,-14.08849524447184,Kapiri Mposhi,Central,1,2019,8,10,1,0,0,1,TRUE,0
5138853,29.45777539810384,-14.078635231725633,Mkushi,Central,2,2024,8,6,1,0,0,1,TRUE,0
5139956,28.24522245212309,-14.14218561196929,Kapiri Mposhi,Central,4,2020,6,6,1.25,0.0020825848626631,0,1,FALSE,0.0020804192889474727
5140294,29.476967707998345,-14.14167981244175,Mkushi,Central,2,2023,7,2,1,0,0,1,FALSE,0
5141277,28.40303117994594,-14.19555275056002,Kapiri Mposhi,Central,4,2024,6,2,3.25,0.08703289980767075,0.050055716247049346,1,TRUE,0.08345187429344032
5141334,28.931072957460643,-14.191876351248544,Kapiri Mposhi,Central,2,2023,7,23,2,0.0039993619712397,0.0039993619712397,1,FALSE,0.003991385782522483
5141660,27.624696049245586,-14.216931382391882,Ngabwe,Central,1,2017,9,22,1,0,0,1,FALSE,0
5141862,23.40975033896053,-14.199828224168906,Lukulu,Western,1,2023,7,19,1,0,0,1,FALSE,0
5141930,28.393932037294352,-14.222724310764272,Kapiri Mposhi,Central,6,2024,6,2,1.1666666666666667,0.02444907649480815,0,1,FALSE,0.024154981746277216
5142858,28.73703229288404,-14.256629692988405,Kapiri Mposhi,Central,1,2019,10,25,1,0,0,1,TRUE,0
5143190,24.89958561729188,-14.271778811371528,Kaoma,Western,1,2017,7,6,1,0,0,1,FALSE,0
5143409,28.069888352982748,-14.287677369678208,Kapiri Mposhi,Central,1,2019,8,10,4,0.0176890275849301,0.0077361484892557,1,FALSE,0.017534397576542453
5143435,28.310899413544927,-14.28647212347205,Kabwe,Central,4,2020,6,6,1,0,0,1,FALSE,0
5143633,28.273873167217143,-14.295712949798418,Kabwe,Central,4,2020,6,6,1,0,0,1,FALSE,0
5144066,28.67256867777285,-14.31132081050088,Kapiri Mposhi,Central,1,2019,10,25,1,0,0,1,TRUE,0
5144158,23.38967072591292,-14.298811157792198,Lukulu,Western,1,2023,7,19,3,0.0392331899738506,0.0392331899738506,1,TRUE,0.0384831238683358
5144247,28.691173639586463,-14.32022741488441,Kapiri Mposhi,Central,1,2019,10,25,1,0,0,1,FALSE,0
5144391,28.35751643281572,-14.331408451506508,Kabwe,Central,6,2024,6,2,1,0,0,1,FALSE,0
5145539,23.54602898884027,-14.364326517563878,Lukulu,Western,1,2023,7,22,1,0,0,1,FALSE,0
5145642,28.3114774038586,-14.385905112309972,Kabwe,Central,5,2024,8,6,1,0,0,1,TRUE,0
5145908,28.28370900561473,-14.395097143646572,Kabwe,Central,5,2024,8,6,1,0,0,1,FALSE,0
5146409,27.031530991733508,-14.41666389912221,Mumbwa,Central,1,2023,6,30,1,0,0,1,TRUE,0
5147679,29.15577054133359,-14.442969745532976,Luano,Central,1,2024,7,24,1,0,0,1,TRUE,0
5147917,28.99822739397299,-14.45339535952464,Kapiri Mposhi,Central,2,2023,7,23,1,0,0,1,TRUE,0
5148246,23.942973028470377,-14.460091558125203,Kaoma,Western,3,2023,7,19,1,0,0,1,FALSE,0
5148342,28.31200670133472,-14.476297994758069,Kabwe,Central,7,2024,8,6,1,0,0,1,TRUE,0
5148496,24.647285736825243,-14.477225239313874,Kaoma,Western,1,2023,7,24,1,0,0,1,TRUE,0
5148893,28.989276463759257,-14.489618507884554,Kapiri Mposhi,Central,2,2023,7,23,1,0,0,1,TRUE,0
5149093,28.599770220826784,-14.50163225283181,Chisamba,Central,7,2023,9,16,1.4285714285714286,0.03674107707220453,0,1,TRUE,0.03608221347332024
5149930,23.38618076783693,-14.51537808407238,Lukulu,Western,1,2023,7,19,4,0.0102459629962798,0.0102459629962798,1,TRUE,0.01019382892419533
5150176,24.19226212247052,-14.535455583100916,Kaoma,Western,1,2016,7,3,1,0,0,1,FALSE,0
5150253,27.43998202095925,-14.55187702186772,Chibombo,Central,1,2024,7,27,5,0.1350834857963951,0.1350834857963951,1,TRUE,0.12670620399602214
5150455,27.022268417831103,-14.56133098236757,Mumbwa,Central,1,2023,6,30,4,0.034854417301798,0.034854417301798,1,FALSE,0.03426075721205208
5150532,28.349607600607268,-14.55743981615428,Kabwe,Central,5,2024,6,2,1,0,0,1,FALSE,0
5151101,28.86010962716882,-14.5720133169245,Kapiri Mposhi,Central,1,2023,9,29,1,0,0,1,FALSE,0
5151319,28.39617918821602,-14.584284179917526,Kabwe,Central,5,2024,6,2,1,0,0,1,FALSE,0
5151483,25.41626234568272,-14.592126387114975,Nkeyema,Western,1,2023,9,1,1,0,0,1,TRUE,0
5151528,27.254384658596315,-14.597359674647466,Chibombo,Central,1,2016,10,8,1,0,0,1,FALSE,0
5152098,27.430822681750787,-14.615183365459323,Chibombo,Central,1,2024,7,27,1,0,0,1,FALSE,0
5152120,27.63508968969329,-14.614716509967971,Chibombo,Central,1,2018,8,26,5,0.0166700318464207,0.0166700318464207,1,FALSE,0.016532611958605302
5152161,28.35922053580391,-14.61162007776506,Kabwe,Central,5,2024,6,2,4.2,18.320693095361296,18.320693095361296,1,FALSE,2.9611767026419997
5152414,27.67225579563854,-14.623653306901442,Chibombo,Central,2,2023,9,24,1,0,0,1,FALSE,0
5152990,27.45873400594924,-14.64225392319899,Chibombo,Central,1,2024,7,27,5,0.0082512667762327,0.0082512667762327,1,TRUE,0.008217411181394433
5153387,28.51726575002256,-14.64680029204331,Chisamba,Central,3,2019,8,7,1,0,0,1,FALSE,0
5153434,28.972092953692663,-14.643389969309318,Kapiri Mposhi,Central,1,2023,7,23,1,0,0,1,FALSE,0
5153520,25.02594828683537,-14.65241015384172,Nkeyema,Western,1,2023,9,4,1,0,0,1,FALSE,0
5153824,24.5061876163366,-14.65645155847748,Kaoma,Western,1,2019,8,12,3,0.1652296530916791,0.1270313721827883,1,TRUE,0.15291819470798784
5154024,28.30384520812725,-14.66617299813559,Kabwe,Central,3,2024,8,6,1,0,0,1,FALSE,0
5154061,28.665930103988387,-14.663859674736962,Chisamba,Central,2,2023,9,16,1,0,0,1,FALSE,0
5154146,24.49680682129368,-14.665384648351536,Kaoma,Western,1,2019,8,12,3,0.0758536848273086,0.0758536848273086,1,TRUE,0.07311447184962148
5154408,28.80524949334999,-14.671856872819788,Chisamba,Central,1,2023,9,29,1,0,0,1,TRUE,0
5154963,27.60745970246296,-14.696159597997298,Chibombo,Central,4,2018,8,29,1,0,0,1,FALSE,0
5155143,24.47793932146406,-14.69228197416604,Kaoma,Western,1,2019,8,12,1,0,0,1,FALSE,0
5155312,27.79325193079518,-14.704639471821135,Chibombo,Central,2,2023,9,11,1,0,0,1,FALSE,0
5155467,24.24586195201191,-14.69867450314279,Kaoma,Western,1,2020,9,20,1,0,0,1,FALSE,0
5155488,24.58919896081796,-14.70249963119165,Kaoma,Western,1,2016,6,30,1,0,0,1,FALSE,0
5155505,24.830519064518622,-14.70488395182168,Kaoma,Western,3,2023,9,6,1,0,0,1,FALSE,0
5155835,24.81186440337041,-14.713744271226473,Kaoma,Western,3,2023,9,6,2.3333333333333335,0.09474353404532314,0.010286826845794867,1,TRUE,0.09052012035201104
5155992,27.960513968487675,-14.722087647484424,Chibombo,Central,1,2023,10,7,5,0.0717337082108981,0.0717337082108981,1,TRUE,0.0692776252709158
5156311,27.691166329444805,-14.732088842973138,Chibombo,Central,3,2023,9,24,4.666666666666667,0.027959987264155634,0.0204751845241886,1,FALSE,0.0275762433806676
5156389,28.424957299246,-14.728735100501805,Chisamba,Central,4,2021,6,12,4.25,0.2717662599095385,0.2539860141609524,1,FALSE,0.24040669009962012
5156997,27.273144140077587,-14.75104217928154,Chibombo,Central,2,2024,6,5,1.5,0.0118415414365664,0,1,FALSE,0.01177197899727121
5157121,28.44365066446823,-14.746697124851869,Chisamba,Central,4,2021,6,12,1,0,0,1,TRUE,0
5157786,28.053614715039146,-14.766883319700607,Chibombo,Central,1,2016,8,12,5,0.1970918838242466,0.1821522447578986,1,FALSE,0.1798951853877368
5157787,28.0629048093993,-14.766840757060304,Chibombo,Central,1,2016,8,12,2,0.0457537552570812,0,1,FALSE,0.04473792230391802
5158004,25.34065501298772,-14.772364292343765,Nkeyema,Western,1,2023,9,1,5,0.0459311933418817,0.0396910632220101,1,TRUE,0.044907582735184186
5158197,28.648177653208784,-14.772444286656391,Chisamba,Central,3,2023,9,16,2,0.009146416054102267,0.007977679441156934,1,FALSE,0.009104840907555542
5158375,27.161679467021266,-14.787312495550331,Mumbwa,Central,1,2019,8,2,2,0.0382489786862517,0,1,TRUE,0.03753561984054804
5158886,21.91811279370516,-14.749444098766526,NA,NA,1,2023,8,30,3,1.8055322302702128,0,1,TRUE,1.0315932643874959
5159086,27.477660392220955,-14.804956925343737,Chibombo,Central,2,2018,8,29,1.5,0.00630469746817125,0,1,TRUE,0.006284906005652177
5159743,27.41264341310963,-14.823164847480404,Chibombo,Central,1,2017,9,12,1,0,0,1,FALSE,0
5160031,26.95723450826635,-14.832572062172712,Mumbwa,Central,1,2019,7,27,2,0.2594019273764094,0,1,FALSE,0.23063694746390956
5160038,27.124535164552352,-14.832542333349478,Mumbwa,Central,2,2023,9,9,1,0,0,1,FALSE,0
5160436,27.579978611093985,-14.84088600200679,Chibombo,Central,2,2018,8,29,1,0,0,1,FALSE,0
5161146,27.682272285390507,-14.8586868268174,Chibombo,Central,3,2023,9,24,3,0.036060408244098965,0.036060408244098965,1,FALSE,0.03542545125330654
5161220,28.41649095148745,-14.855332685740033,Chisamba,Central,5,2019,10,16,1,0,0,1,FALSE,0
5161250,28.695249863533306,-14.853444654715426,Chisamba,Central,2,2023,10,12,1,0,0,1,FALSE,0
5161599,28.58381694770717,-14.863278286633443,Chisamba,Central,7,2023,9,16,3.2857142857142856,0.024923784706891827,0.01831587486333946,1,TRUE,0.024618253442278405
5161773,25.33060529907417,-14.871709965825554,Nkeyema,Western,2,2023,9,1,1,0,0,1,FALSE,0
5161844,27.37556163281841,-14.877475389792156,Chibombo,Central,1,2017,9,12,1,0,0,1,FALSE,0
5162183,27.03159828536337,-14.886821895795425,Mumbwa,Central,1,2019,7,27,1,0,0,1,FALSE,0
5162622,27.5057495212704,-14.89530738517688,Chibombo,Central,2,2018,8,29,4,0.7165847259772151,0.1328334769913238,1,TRUE,0.5403366924278487
5162701,28.25872082764209,-14.892409057556012,Chisamba,Central,3,2020,6,6,1,0,0,1,FALSE,0
5162709,28.351666912137325,-14.891879783359554,Chisamba,Central,4,2020,6,6,1,0,0,1,FALSE,0
5162988,27.180361934783424,-14.904835688585404,Mumbwa,Central,1,2024,6,5,5,0.1977623027888541,0.1977623027888541,1,TRUE,0.1804550683116058
5163169,22.258257804246096,-14.86485989757525,Sikongo,Western,1,2023,9,7,1,0,0,1,FALSE,0
5163304,25.163047474943923,-14.906578821947512,Nkeyema,Western,2,2019,9,29,1,0,0,1,FALSE,0
5163440,27.79400864767703,-14.912571131207455,Chibombo,Central,2,2023,9,24,1,0,0,1,TRUE,0
5163512,28.49120322886678,-14.90909171253439,Chisamba,Central,6,2020,6,19,1,0,0,1,FALSE,0
5163870,28.333244920123207,-14.91910517599202,Chisamba,Central,2,2020,6,6,1,0,0,1,FALSE,0
5164842,27.608165945330697,-14.949303580801317,Chibombo,Central,1,2018,8,29,1,0,0,1,FALSE,0
5165408,24.865168845166785,-14.95821008853554,Nkeyema,Western,3,2023,9,1,1,0,0,1,FALSE,0
5165833,26.724689666536065,-14.977070725079926,Mumbwa,Central,3,2023,10,26,1,0,0,1,FALSE,0
5166040,22.571827269267697,-14.943277616509658,Sikongo,Western,2,2023,8,27,4.5,0.2013228730479076,0.2013228730479076,1,TRUE,0.18342334381025202
5166393,28.77990990854552,-14.97932909002118,Chisamba,Central,1,2023,10,12,1,0,0,1,FALSE,0
5166537,25.30180622493279,-14.988990259920474,Nkeyema,Western,1,2023,9,4,1,0,0,1,TRUE,0
5166557,26.60374960237223,-14.99497476763463,Mumbwa,Central,1,2023,9,6,2,0.014081511632868,0,1,FALSE,0.013983288163900006
5166788,22.432389698898145,-14.958560184402792,Sikongo,Western,1,2023,9,4,1,0,0,1,TRUE,0
5167161,22.3487686100755,-14.965883682021152,Sikongo,Western,1,2023,8,27,1,0,0,1,TRUE,0
5167340,26.98510552084551,-15.013401338520003,Mumbwa,Central,2,2017,8,24,4,0.13202306457651,0.12309769464816445,1,TRUE,0.12400635464101066
5167586,24.372049381288026,-15.007262456894065,Luampa,Western,1,2020,9,20,1,0,0,1,FALSE,0
5167776,27.878122436163405,-15.020747909862404,Chibombo,Central,1,2023,10,7,5,0.013478823640258,0.013478823640258,1,FALSE,0.013388792404759757
5167839,28.65003451668899,-15.016458005699194,Chisamba,Central,2,2023,9,16,2,0.12382345366027375,0,1,TRUE,0.11673666943749725
5168346,26.687395420902995,-15.040310386969027,Mumbwa,Central,2,2023,9,6,1,0,0,1,FALSE,0
5168763,27.34794992992986,-15.049300052880994,Mumbwa,Central,1,2020,9,22,1,0,0,1,FALSE,0
5168839,28.3247272615284,-15.045702533319847,Chisamba,Central,4,2017,10,20,1,0,0,1,FALSE,0
5168913,22.48687764885094,-15.013746843432047,Kalabo,Western,1,2023,9,4,1,0,0,1,FALSE,0
5169448,26.966492534440626,-15.06764652982142,Mumbwa,Central,1,2017,8,24,1,0,0,1,FALSE,0
5169677,22.76477525100872,-15.037139415842413,Kalabo,Western,3,2023,9,9,3,0.1706206643603958,0.0836063313181313,1,TRUE,0.1575340905129521
5169827,27.022321140869323,-15.076689077180122,Mumbwa,Central,1,2017,8,24,1,0,0,1,TRUE,0
5169912,28.09232556314412,-15.074058624490409,Chibombo,Central,3,2018,10,14,1,0,0,1,FALSE,0
5170792,23.460474971157723,-15.076142151921047,Limulunga,Western,1,2019,7,10,1,0,0,1,FALSE,0
5170828,23.94353457754972,-15.083178778496135,Luampa,Western,1,2018,7,4,1,0,0,1,FALSE,0
5170886,26.677996969675203,-15.103584591199205,Mumbwa,Central,2,2023,7,13,1,0,0,1,TRUE,0
5171013,28.24132984748657,-15.100409672536964,Chibombo,Central,4,2017,10,20,5,0.25042459318321736,0.24055349535091622,1,FALSE,0.22348316818444527
5171443,28.660033271151875,-15.106764009109046,Chisamba,Central,3,2023,9,16,5,0.31963613135796326,0.2781376866609782,1,TRUE,0.2773560405354632
5171605,24.06408919135864,-15.102835914386796,Luampa,Western,1,2016,6,30,1,0,0,1,FALSE,0
5171629,24.482392768826912,-15.107879807500575,Luampa,Western,1,2023,7,24,1,0,0,5,FALSE,0
5171681,26.994404945936,-15.121895855277318,Mumbwa,Central,1,2017,8,24,5,0.0609523163488454,0.0609523163488454,1,TRUE,0.059166916443636586
5171733,27.48766817386869,-15.121369981189444,Mumbwa,Central,2,2020,10,25,1,0,0,1,FALSE,0
5171807,28.306566467614388,-15.11812069033494,Chibombo,Central,4,2017,10,20,2.25,0.019865895628852,0.01701845278873705,1,TRUE,0.019671143778926384
5172235,28.59505055125187,-15.125307688987036,Chisamba,Central,5,2023,9,16,1.6,0.0057221449803984805,0.0035305327366344204,1,TRUE,0.005705835695295483
5172318,22.596495991381016,-15.097060519388853,Kalabo,Western,1,2023,7,30,1,0,0,1,FALSE,0
5172505,27.422557407795736,-15.139582869312395,Mumbwa,Central,1,2020,10,25,1,0,0,1,FALSE,0
5172878,27.26433978019812,-15.148864505144363,Mumbwa,Central,4,2024,6,18,2,0.015085681603287375,0.003054939149657325,1,FALSE,0.014973024303670502
5172961,28.092695607716585,-15.14637452678233,Chibombo,Central,3,2018,10,14,4.666666666666667,0.10358680176068896,0.10358680176068896,1,TRUE,0.09856560402950407
5173114,22.54972991497331,-15.114179222947923,Kalabo,Western,2,2023,7,30,1,0,0,1,FALSE,0
5173661,27.320215144363733,-15.166874115334938,Mumbwa,Central,2,2020,9,22,4.5,1.197245514524076,1.197245514524076,1,TRUE,0.7872045370560855
5173708,27.757713758684982,-15.165828369141524,Chibombo,Central,1,2018,8,26,3,0.0564902050410363,0,1,FALSE,0.05495228689141949
5173780,28.427822947701724,-15.162580854991011,Chongwe,Lusaka,2,2021,8,17,5,36.2706476617589,36.2706476617589,1,FALSE,3.6182060909028
5173882,22.716398629110888,-15.13544197718982,Kalabo,Western,2,2023,9,9,3.5,0.8596068507918697,0.8596068507918697,1,TRUE,0.620365094841203
5174895,28.0929278918455,-15.191571726460833,Chibombo,Central,3,2016,8,12,1,0,0,5,FALSE,0
5174936,28.48384657502192,-15.189334517296723,Chongwe,Lusaka,3,2021,8,17,5,0.984883678605285,0.6647345186469263,1,FALSE,0.6855603122232462
5175078,23.74690654746986,-15.179751877008147,Mongu,Western,1,2018,7,4,1,0,0,1,FALSE,0
5175163,26.798882059635428,-15.203175929010122,Mumbwa,Central,2,2023,9,19,2.75,0.043515619363431846,0.043515619363431846,2,TRUE,0.04259541566787908
5175291,28.2139849876629,-15.19999078267183,Chibombo,Central,5,2024,7,11,1.8,0.04784552163889632,0.04709357566706648,1,FALSE,0.04673617201763781
5175374,29.302748500964363,-15.19148275098246,Rufunsa,Lusaka,1,2024,6,7,1,0,0,1,FALSE,0
5175916,27.236496106101,-15.221223508813663,Mumbwa,Central,2,2024,6,18,1,0,0,1,FALSE,0
5176033,28.33510352847364,-15.217382567551628,Chibombo,Central,5,2021,9,14,4.8,0.3880123126397482,0.3757994339323927,1,FALSE,0.3278727328231842
5176771,28.595864989725435,-15.233758409495271,Chongwe,Lusaka,4,2023,7,31,2.5,0.07055521039553578,0.020302032196055825,1,FALSE,0.06817740211800044
5177167,28.903091923808528,-15.240401312082314,Rufunsa,Lusaka,1,2017,10,31,3,0.0349457686729985,0.0349457686729985,1,FALSE,0.034349027927147016
5177437,28.13049852321312,-15.2546628563466,Chibombo,Central,6,2024,7,11,1.8333333333333333,0.14721448703660747,0.11846190616035644,1,FALSE,0.13733681895346977
5177453,28.27946974384289,-15.253862486248943,Chibombo,Central,8,2021,9,14,5,0.879670441729423,0.8300500100429765,1,FALSE,0.6310964645231167
5178070,27.599780615963017,-15.274791252075378,Shibuyunji,Central,5,2023,10,7,1.8,0.01917536172437214,0.01917536172437214,1,FALSE,0.01899383141127487
5178132,28.18646528135288,-15.272452444140823,Chibombo,Central,8,2024,7,11,1.25,7.23960863949125e-4,7.23960863949125e-4,1,TRUE,7.236989306948527e-4
5178135,28.21439983362432,-15.272302768493685,Chibombo,Central,2,2024,7,11,5,0.16817553784258885,0.0754107646421524,1,FALSE,0.1554431623625294
5178244,22.64921180539044,-15.24237701620678,Kalabo,Western,3,2023,7,30,1,0,0,1,FALSE,0
5178899,29.07105180579273,-15.284093625127532,Rufunsa,Lusaka,1,2023,7,10,1,0,0,1,FALSE,0
5179123,27.69300049314996,-15.301643567266852,Shibuyunji,Central,2,2023,9,11,1,0,0,1,FALSE,0
5179223,28.661519140462502,-15.296546211270824,Chongwe,Lusaka,3,2023,7,31,4.666666666666667,0.14743547274849697,0.11924519307887826,1,TRUE,0.13752942847252111
5179974,22.676143851066083,-15.287991960047954,Kalabo,Western,1,2018,6,27,1,0,0,1,FALSE,0
5179991,23.14996477128549,-15.296659275120806,Mongu,Western,10,2022,10,6,2.4,0.01388870145642368,0.00886366258186159,1,FALSE,0.013793137267421538
5180501,27.49748424448987,-15.338326579495574,Mumbwa,Central,3,2020,10,25,1,0,0,1,FALSE,0
5180920,28.242760716234223,-15.344460361031476,Lusaka,Lusaka,10,2020,8,28,5,2.3428830740438134,1.7349077906077095,1,TRUE,1.2068336304708494
5182093,29.03460603196964,-15.365752185647658,Rufunsa,Lusaka,2,2023,7,10,1,0,0,1,FALSE,0
5182185,24.28380389944016,-15.367516238426024,Luampa,Western,2,2020,9,20,1,0,0,1,TRUE,0
5182274,27.25531568322979,-15.383939276146766,Mumbwa,Central,2,2024,6,18,1,0,0,1,FALSE,0
5182291,27.413727580867025,-15.383701224207115,Mumbwa,Central,1,2020,10,25,1,0,0,1,FALSE,0
5183104,22.63730876415122,-15.368401616725867,Kalabo,Western,2,2023,7,30,2.5,0.06703389541646335,0.06703389541646335,1,TRUE,0.06488273884079387
5183533,27.34855971396889,-15.419975849172928,Mumbwa,Central,1,2020,9,22,1,0,0,1,FALSE,0
5184100,27.786649684227697,-15.436936748515654,Shibuyunji,Central,2,2019,7,1,1,0,0,1,FALSE,0
5184303,26.817291143854607,-15.447296697494776,Itezhi-Tezhi,Southern,1,2019,8,8,2,0.091373012665765,0,1,FALSE,0.08743654820182341
5184381,28.112881987465624,-15.44457987761467,Chilanga,Lusaka,6,2024,7,11,4.166666666666667,0.6673095382986051,0.4858872322517231,1,FALSE,0.5112112723731694
5184870,28.05705637512893,-15.46293203600216,Chilanga,Lusaka,4,2016,8,12,3.5,5.744869460462719,5.6497094123980816,1,FALSE,1.9087821359457833
5185003,23.668267383705523,-15.449433701871074,Mongu,Western,3,2017,9,17,1,0,0,5,FALSE,0
5186116,26.02468860382832,-15.517545183195022,Itezhi-Tezhi,Southern,1,2017,9,1,2,0.0232011585190404,0,1,FALSE,0.02293610353267623
5186162,26.658711589681605,-15.51943497762466,Itezhi-Tezhi,Southern,2,2023,7,13,1,0,0,1,FALSE,0
5186178,27.78695715286062,-15.518296633440984,Shibuyunji,Central,4,2023,7,26,3.75,0.2025909280312474,0.2023134980836801,1,TRUE,0.18447833596544788
5186230,28.35564700677472,-15.515538185510698,Kafue,Lusaka,10,2022,7,6,1,0,0,1,TRUE,0
5186247,28.64460197642364,-15.513575628820972,Chongwe,Lusaka,2,2016,6,8,1,0,0,1,TRUE,0
5186782,26.25767771869248,-15.54557160217394,Itezhi-Tezhi,Southern,1,2020,7,22,1,0,0,1,FALSE,0
5187039,28.0761653216761,-15.553234481707925,Chilanga,Lusaka,6,2024,7,24,1.6666666666666667,0.08660529468853188,0.08660529468853188,1,FALSE,0.0830584278351128
5187051,28.253323742021568,-15.552298263706817,Chilanga,Lusaka,9,2016,6,4,4.875,0.9644261404417694,0.9239146100671445,1,FALSE,0.675200162181448
5188008,22.95870147473105,-15.57294663465417,Nalolo,Western,2,2023,8,4,2.5,0.07627541359092566,0.07627541359092566,1,TRUE,0.07350638957363267
5188140,28.775858477357257,-15.602929670404489,Chongwe,Lusaka,1,2021,7,13,1,0,0,1,FALSE,0
5188854,28.1139992588477,-15.6524784786395,Kafue,Lusaka,5,2016,6,1,1.6,0.014073607896240781,0.014073607896240781,1,FALSE,0.013975494147997421
5189211,26.12655660211136,-15.680688661634427,Itezhi-Tezhi,Southern,2,2019,10,30,1,0,0,1,FALSE,0
5189674,28.282250795191327,-15.705791000474692,Kafue,Lusaka,5,2021,10,12,1.2,0.00657483919046932,0,1,FALSE,0.00655331921071499
5189959,28.08639542090813,-15.72493125852194,Kafue,Lusaka,3,2023,6,22,2.3333333333333335,3.108252391186897,3.108252391186897,1,TRUE,1.4129977291242208
5190363,23.021037007844026,-15.718435293476892,Nalolo,Western,4,2023,7,30,1,0,0,1,FALSE,0
5190825,28.17997644900701,-15.769640235499336,Kafue,Lusaka,2,2017,8,28,5,6.539696599519107,6.539696599519107,1,FALSE,2.0201819424196934
5190893,23.905641272742653,-15.759876297213651,Senanga,Western,2,2023,8,7,1,0,0,1,TRUE,0
5191122,26.60224132466727,-15.790555847080286,Namwala,Southern,2,2023,7,13,2,0.02143482871079805,0,1,FALSE,0.02120833364241057
5191569,23.49495220045273,-15.789753643173851,Senanga,Western,4,2023,8,1,1,0,0,1,FALSE,0
5191680,28.10554916323675,-15.81522667168522,Chikankanta,Southern,4,2023,6,4,1,0,0,1,FALSE,0
5192268,26.69551355023048,-15.85398961631737,Namwala,Southern,3,2023,7,13,2,0.023150857978627933,0.012823689906149,1,FALSE,0.022886942352178374
5192475,27.722900162439903,-15.862037544185132,Mazabuka,Southern,10,2023,6,30,4.5,9.118235269628737,9.109455488753435,1,FALSE,2.3143392681818087
5192858,27.741645046238144,-15.880053904958745,Mazabuka,Southern,10,2023,6,30,1.3,0.00185619012928731,0.00185619012928731,1,FALSE,0.0018544695372242621
5193172,23.316432154862746,-15.868020267693726,Senanga,Western,1,2023,8,4,1,0,0,1,FALSE,0
5193345,28.18071125413383,-15.896180950425835,Chikankanta,Southern,5,2023,6,4,1,0,0,1,FALSE,0
5194460,27.51763689540273,-15.943987047896686,Mazabuka,Southern,1,2020,10,25,1,0,0,1,FALSE,0
5194786,23.800261084523875,-15.938921705366068,Senanga,Western,2,2023,7,1,1,0,0,1,TRUE,0
5195343,28.022343126516525,-15.97834120818484,Mazabuka,Southern,5,2023,6,27,1,0,0,1,TRUE,0
5195425,26.097200376070138,-15.987915529610293,Itezhi-Tezhi,Southern,1,2023,7,13,1,0,0,1,FALSE,0
5196438,26.62980472235283,-16.03469326402987,Namwala,Southern,2,2023,10,15,3,0.0235587471162917,0.02243773329048065,1,FALSE,0.023285522729236643
5196475,27.190691169713688,-16.03492796718408,Monze,Southern,2,2023,6,17,1,0,0,1,TRUE,0
5196985,27.620749763386293,-16.052194322974163,Mazabuka,Southern,3,2019,7,27,3.6666666666666665,0.19262307121151404,0.13557870370315087,1,TRUE,0.17615514282539696
5197109,26.21840335625854,-16.06070762685955,Itezhi-Tezhi,Southern,2,2023,6,20,1,0,0,1,FALSE,0
5197204,27.39640129299848,-16.061766994062598,Monze,Southern,4,2023,6,25,2.75,0.010904762881800374,0.00501047814507095,1,FALSE,0.010845734692940827
5198127,28.424875659539268,-16.08450787432682,Chikankanta,Southern,3,2023,6,1,1,0,0,1,TRUE,0
5198214,26.32111525752476,-16.09721706172559,Namwala,Southern,1,2023,6,10,1,0,0,1,FALSE,0
5198315,27.32166563767005,-16.098053177956757,Monze,Southern,3,2023,6,25,1,0,0,1,FALSE,0
5198343,27.61153949085305,-16.097420358722548,Monze,Southern,3,2019,7,27,2.2,0.013693592940662132,0.008694814810406107,5,FALSE,0.013600682917328903
5198591,27.31232881475667,-16.107107237091157,Monze,Southern,3,2023,6,25,2.3333333333333335,0.021936899265067568,0.009069140391686433,1,FALSE,0.021699747473285593
5198628,27.66767262082675,-16.106292183927163,Mazabuka,Southern,4,2023,6,17,1.5,0.002158604122870025,0.002158604122870025,1,TRUE,0.002156277684295447
5199178,27.37782253543396,-16.125081738326383,Monze,Southern,2,2023,6,25,2,0.0185796696762063,0,1,FALSE,0.018409176184365886
5199465,27.359134466502702,-16.134154156626277,Monze,Southern,4,2023,6,25,2,0.024950457430741826,0.003735624177479475,1,FALSE,0.024644277208325332
5199680,26.63895678194613,-16.143191076927398,Namwala,Southern,3,2023,10,15,4.666666666666667,0.064379286200464,0.064379286200464,1,TRUE,0.06239179939132427
5199904,24.292261455011865,-16.135335426263286,Mulobezi,Western,2,2023,6,23,1,0,0,1,FALSE,0
5200529,26.63890757394014,-16.170311375204843,Namwala,Southern,2,2023,10,15,3,0.011556812175990151,0.0068794044250364,1,FALSE,0.011490542312352232
5200585,27.16275731247106,-16.170555401220255,Monze,Southern,2,2023,6,25,1,0,0,1,FALSE,0
5201012,23.497835682575936,-16.159866686443102,Senanga,Western,2,2023,10,26,1,0,0,1,TRUE,0
5201162,27.4621384931526,-16.188196021587324,Monze,Southern,2,2023,6,17,4.5,0.048598416255072746,0.02644621768488325,1,FALSE,0.04745443081286292
5201322,26.302066039459145,-16.196592600070733,Itezhi-Tezhi,Southern,1,2023,6,10,1,0,0,1,FALSE,0
5201617,26.348811794934846,-16.20578068891883,Itezhi-Tezhi,Southern,1,2023,6,10,3,0.0506411712982484,0.0506411712982484,1,FALSE,0.04940061713676419
5201647,26.62948581032412,-16.206455555176877,Namwala,Southern,2,2023,10,15,1,0,0,1,FALSE,0
5201746,27.668006325860063,-16.205728476277354,Monze,Southern,2,2023,6,17,2,0.0154053342624665,0,1,TRUE,0.015287876878069593
5201983,27.12536794178165,-16.215781856818776,Monze,Southern,3,2023,6,25,1,0,0,1,FALSE,0
5202750,23.487540746690545,-16.213851860945883,Senanga,Western,2,2023,10,26,1,0,0,1,FALSE,0
5202824,26.43290906315308,-16.24218118721258,Namwala,Southern,2,2023,6,20,1,0,0,1,FALSE,0
5203147,26.71362487800326,-16.25178623956386,Namwala,Southern,2,2023,6,20,5,0.10906633457107726,0.08437857836359405,1,TRUE,0.1035185213414158
5203275,27.99566309178557,-16.24964094026139,Mazabuka,Southern,2,2023,6,27,3,0.013806025989875,0.013806025989875,1,FALSE,0.013711591001629726
5203523,27.518457647942046,-16.26038544806175,Monze,Southern,2,2021,10,5,4,0.2681377208897977,0.2433077217413297,1,FALSE,0.23754946280621803
5203774,27.059887970324027,-16.27005163431358,Monze,Southern,3,2023,6,25,1,0,0,1,FALSE,0
5204272,23.24390845317848,-16.254796123722862,Sioma,Western,1,2016,6,30,1,0,0,1,TRUE,0
5204478,27.69635912194645,-16.286994171812346,Monze,Southern,4,2019,7,27,4.157894736842105,0.10896085711065125,0.07733086881548866,5,TRUE,0.10342341208315144
5204648,26.45147335590992,-16.296469019625643,Namwala,Southern,2,2023,6,20,3,0.04117977764427745,0.04117977764427745,1,TRUE,0.04035447178703811
5205073,27.743223564187684,-16.304913726040393,Monze,Southern,4,2023,6,17,1,0,0,1,TRUE,0
5205236,26.47950575742293,-16.314619567450496,Kalomo,Southern,2,2019,8,8,1,0,0,1,FALSE,0
5205269,26.797784356055345,-16.3151641205847,Choma,Southern,3,2023,6,20,1,0,0,1,FALSE,0
5205507,26.36714669234306,-16.323352456216668,Kalomo,Southern,1,2023,6,20,1,0,0,1,FALSE,0
5205594,27.181607268749552,-16.324222949338946,Monze,Southern,2,2023,6,17,3.5,0.03860935848662835,0.0261181739334185,1,FALSE,0.03788266306207484
5205860,26.8726631208418,-16.33330277638554,Choma,Southern,1,2018,10,17,1,0,0,1,FALSE,0
5207032,27.724736518763123,-16.36825453776802,Monze,Southern,4,2023,6,17,1.75,0.0036173609149216,0.002465363805268475,1,FALSE,0.0036108340003286805
5207306,27.75286046605222,-16.377195304711126,Monze,Southern,2,2019,7,27,1.5,0.00611875889784805,0,1,TRUE,0.006100115304406749
5207436,26.273302013279665,-16.38632673074754,Kalomo,Southern,1,2023,6,10,1,0,0,1,FALSE,0
5207439,26.30139404341774,-16.38642189222275,Kalomo,Southern,1,2023,6,10,1,0,0,1,FALSE,0
5207440,26.310758094331167,-16.386452779275764,Kalomo,Southern,1,2023,6,10,1,0,0,1,FALSE,0
5207881,27.63119159200231,-16.39567457155669,Monze,Southern,2,2021,9,5,2.5,0.0498585484161496,0.0498585484161496,1,TRUE,0.04865543930030113
5207998,23.353801790579627,-16.374038606412327,Sioma,Western,1,2023,8,1,3,0.0345331506526503,0.0345331506526503,1,TRUE,0.03395026278683787
5208157,27.21914493816572,-16.405547737683207,Monze,Southern,1,2023,6,17,1,0,0,1,TRUE,0
5208585,28.417858437525386,-16.409917206997786,Siavonga,Southern,4,2023,6,1,1,0,0,1,FALSE,0
5209128,27.191074637563204,-16.43269517271607,Monze,Southern,1,2023,6,17,4,0.0408172614694307,0.0107613296430109,1,TRUE,0.04000623288784678
5210017,27.31288724602445,-16.459668668974107,Monze,Southern,2,2023,6,25,1,0,0,1,TRUE,0
5210066,28.0529170938124,-16.457257079294028,Gwembe,Southern,2,2023,6,27,1,0,0,1,TRUE,0
5210133,22.922728011226045,-16.42926589537451,Sioma,Western,2,2023,8,14,2,0.00448659341310725,0.0029968868414094,1,FALSE,0.004476558656267447
5210745,23.45513134819419,-16.457000423826393,Senanga,Western,1,2023,8,1,2,0.0409942150339478,0,1,TRUE,0.04017623249342152
5211037,23.398865909945982,-16.465064919664872,Sioma,Western,1,2023,8,1,4,0.2536959640211675,0.0455181893008457,1,TRUE,0.2260959598805866
5211081,26.160469866912344,-16.494377332351775,Kalomo,Southern,4,2023,6,20,1.5,0.004464822064639675,0,1,FALSE,0.0044548843158123295
5211765,26.51645846098787,-16.513582734923926,Kalomo,Southern,1,2023,9,19,1,0,0,1,FALSE,0
5212064,26.300908580334585,-16.52201213508896,Kalomo,Southern,1,2023,6,10,1,0,0,1,FALSE,0
5212173,27.387957843383823,-16.52282186716319,Monze,Southern,4,2023,6,25,2.25,0.07436308580297822,0.06623926474663577,1,TRUE,0.07172800767217685
5213073,26.872521622247284,-16.550263111712955,Choma,Southern,1,2018,9,15,1,0,0,1,TRUE,0
5213952,26.46943313661572,-16.57674596060881,Kalomo,Southern,2,2023,9,19,2,0.0018377800581805,0.0018377800581805,1,FALSE,0.001836093406556358
5214194,24.76388347178152,-16.574450764325796,Mulobezi,Western,1,2023,10,31,1,0,0,1,FALSE,0
5214214,26.08509351916442,-16.584450992809522,Kalomo,Southern,3,2023,10,25,2,0.0014297333041072668,0.0014297333041072668,1,FALSE,0.001428712208593801
5214363,27.87551748725997,-16.584620403220974,Gwembe,Southern,1,2021,7,2,1,0,0,1,FALSE,0
5215242,26.56308708344337,-16.613122248631264,Kalomo,Southern,1,2016,10,31,3.6,0.06814960834684292,0.06365003428227158,5,TRUE,0.06592781344909784
5216275,27.341309457888,-16.640420459751056,Pemba,Southern,3,2023,10,7,2.3333333333333335,0.013370728023048934,0,1,TRUE,0.013282128723459049
5216473,26.1785564173426,-16.648114554511785,Kalomo,Southern,1,2019,10,19,1,0,0,1,FALSE,0
5216482,26.26294482703085,-16.64843155716757,Kalomo,Southern,1,2023,10,2,3,0.1096085991506298,0.0699600154730968,1,FALSE,0.10400733976371661
5217052,24.80979534611525,-16.656247817699974,Mulobezi,Western,1,2023,10,31,1,0,0,1,TRUE,0
5217438,26.309730865423,-16.67571039719955,Kalomo,Southern,1,2023,10,2,5,0.0635189104470118,0.0635189104470118,1,TRUE,0.061583136832472955
5217464,26.553565235255057,-16.67637942368983,Kalomo,Southern,1,2016,10,31,5,0.0132266519814388,0.0132266519814388,1,FALSE,0.01313994355804396
5218000,23.62918957952749,-16.667491040866487,Senanga,Western,2,2023,9,17,3,0.07359544040924985,0.02570153006354625,1,TRUE,0.0710132402155034
5218166,27.088157589082577,-16.694921378770786,Choma,Southern,2,2020,9,20,1,0,0,1,FALSE,0
5218235,28.072951202329463,-16.692158688348744,Gwembe,Southern,1,2017,10,12,1,0,0,1,FALSE,0
5218870,26.99436073212489,-16.71301969801408,Choma,Southern,3,2022,7,22,1,0,0,1,FALSE,0
5218898,27.322677047057745,-16.712767966131857,Pemba,Southern,1,2018,8,18,3,0.0293036141507179,0.0293036141507179,1,TRUE,0.028882470814704644
5219653,27.960595725475123,-16.728865655121258,Gwembe,Southern,1,2019,9,5,2,0.0094543016869405,0,1,FALSE,0.009409889481570014
5219812,25.230879096950748,-16.732559387577158,Mulobezi,Western,1,2019,7,24,1,0,0,1,FALSE,0
5219913,26.90054153529847,-16.740115186140866,Choma,Southern,3,2022,7,22,1.6666666666666667,1.2149966195370516,1.2149966195370516,1,FALSE,0.7952508773275604
5220164,26.13122541822692,-16.747350085055952,Kalomo,Southern,4,2023,10,28,1,0,0,1,FALSE,0
5220217,26.62845327146636,-16.748844422177925,Kalomo,Southern,1,2016,10,31,1.2,0.01720065405887776,0,5,FALSE,0.01705439756491077
5220898,26.79731294104632,-16.767158802200488,Choma,Southern,1,2018,9,9,1,0,0,1,FALSE,0
5220928,27.13510661072223,-16.767214168977443,Choma,Southern,3,2020,9,20,2.3333333333333335,0.007878317656864666,0.007878317656864666,1,FALSE,0.007847445752087135
5220952,27.397832139982324,-16.76687457840523,Pemba,Southern,2,2018,8,18,2,0.00574250221171185,0.00574250221171185,1,FALSE,0.0057260768974886035
5221139,25.07111416256551,-16.767270496589795,Mulobezi,Western,1,2019,9,30,1,0,0,1,FALSE,0
5221171,26.074808140991017,-16.774221162261558,Kazungula,Southern,3,2023,10,25,4.666666666666667,0.08022200087765889,0.038202154977345235,1,FALSE,0.07716657638051545
5221351,27.93267576177973,-16.774187424424895,Gwembe,Southern,1,2019,9,5,1,0,0,1,TRUE,0
5221508,26.046616336626336,-16.78313134968485,Kazungula,Southern,3,2023,10,25,1,0,0,1,FALSE,0
5221548,26.421941548761698,-16.78452672654093,Kalomo,Southern,2,2023,9,19,1,0,0,1,FALSE,0
5221557,26.50639406920123,-16.784746440731773,Kalomo,Southern,1,2016,10,31,1,0,0,1,FALSE,0
5221677,27.81074246236798,-16.78374222996601,Gwembe,Southern,1,2019,9,4,1,0,0,1,FALSE,0
5221916,26.872359883177623,-16.79433809695129,Choma,Southern,3,2022,7,22,5,0.6883410540513867,0.6883410540513867,1,FALSE,0.5237464220041461
5222292,27.76389927302245,-16.801999410458127,Gwembe,Southern,2,2021,9,5,1,0,0,1,FALSE,0
5222304,27.876506078214685,-16.801550550732834,Gwembe,Southern,1,2019,9,4,4,0.3591637396431443,0.2289249529937293,1,TRUE,0.30686961329985235
5222472,26.3280116099869,-16.811359297318393,Kalomo,Southern,1,2023,10,2,1,0,0,1,FALSE,0
5222588,27.548086941854017,-16.81172680540091,Gwembe,Southern,2,2020,8,24,1.5,0.02096358867119955,0,1,TRUE,0.020746876128587367
5222729,25.16446109690932,-16.813302310750736,Mulobezi,Western,1,2019,7,24,1,0,0,1,FALSE,0
5222833,26.816026941099583,-16.821414499115786,Choma,Southern,2,2022,7,22,3.5,0.0333424492575444,0.025806893886777697,1,FALSE,0.03279864464621821
5223399,26.33730205086276,-16.83850703239724,Kalomo,Southern,1,2023,10,2,2,0.0216383686834919,0,1,FALSE,0.021407582473658347
5223819,27.745307817461807,-16.84726290386437,Gwembe,Southern,3,2022,8,12,1,0,0,1,FALSE,0
5224284,26.018049620815244,-16.864344462914488,Kazungula,Southern,2,2020,8,9,1,0,0,1,FALSE,0
5224935,25.867760769774904,-16.88164619211684,Kazungula,Southern,2,2020,6,6,1,0,0,1,TRUE,0
5225083,27.595237437203377,-16.88390994603482,Gwembe,Southern,1,2017,10,24,1,0,0,1,TRUE,0
5225948,26.09292717109468,-16.90988280717754,Kazungula,Southern,2,2019,10,19,1.5,0.0358668051720897,0.0358668051720897,1,FALSE,0.03523856913571176
5226271,26.03654760759285,-16.918663648340456,Kazungula,Southern,1,2020,8,9,4,0.0084662030968169,0.0084662030968169,1,FALSE,0.008430565799836382
5226552,25.07894252733637,-16.9209459413557,Mulobezi,Western,1,2019,9,30,1,0,0,1,FALSE,0
5226935,26.186702244101284,-16.937393615479444,Kazungula,Southern,1,2019,10,19,5,0.0538190128383469,0.0471448501225061,1,FALSE,0.05242072079991164
5227868,25.63251086646877,-16.961548374010775,Kazungula,Southern,1,2023,10,10,1,0,0,1,FALSE,0
5228022,27.229177394839244,-16.966002390788866,Choma,Southern,1,2018,8,18,4,0.1667390581297719,0.1163490901128402,1,TRUE,0.15421272772776629
5228658,27.313743322643568,-16.983968789840993,Pemba,Southern,1,2018,8,18,4,0.0762058166047897,0.0762058166047897,1,TRUE,0.07344172282050714
5228664,27.370105579452243,-16.98387424448129,Pemba,Southern,2,2018,8,18,4.5,0.0241030796683288,0.0241030796683288,1,TRUE,0.02381718528966424
5229534,26.47762139635024,-17.010658597465074,Kalomo,Southern,2,2023,9,19,4,0.49863796654899584,0.49863796654899584,1,TRUE,0.4045566733055195
5229564,26.82523779675928,-17.011253876982394,Choma,Southern,2,2018,9,15,1,0,0,1,TRUE,0
5230125,25.904471345243486,-17.026457104286735,Kazungula,Southern,4,2019,8,9,1.75,0.018898033292490624,0.00935389671394385,1,TRUE,0.01872168377000614
5230186,26.64669640584791,-17.02910105814202,Kalomo,Southern,3,2024,6,5,1,0,0,1,FALSE,0
5230819,26.79701324245551,-17.047385589556736,Kalomo,Southern,3,2019,7,27,1,0,0,1,FALSE,0
5231150,27.238684779313743,-17.056386224988984,Choma,Southern,2,2019,7,8,1,0,0,1,FALSE,0
5231361,25.83848894593836,-17.062242796641613,Kazungula,Southern,6,2023,7,8,1,0,0,1,FALSE,0
5231678,25.988777955871385,-17.07208544778199,Kazungula,Southern,4,2023,7,13,1,0,0,1,FALSE,0
5231693,26.129733246788973,-17.072739016821004,Kazungula,Southern,1,2023,7,8,1,0,0,1,FALSE,0
5231710,26.571426112999102,-17.074152820049626,Kalomo,Southern,2,2018,6,30,3,3.036514154376079,3.036514154376079,1,FALSE,1.3953814864431133
5231730,26.79698393603269,-17.074503902774385,Kalomo,Southern,3,2023,6,30,2.3333333333333335,0.0135809696528929,0.006363949409001433,1,FALSE,0.013489574841527852
5232365,27.426713432340502,-17.092235273830457,Sinazongwe,Southern,2,2023,8,8,1,0,0,1,FALSE,0
5232800,22.749713614038825,-17.06617016947681,Shangombo,Western,3,2023,10,8,1,0,0,1,TRUE,0
5233753,25.076820281287045,-17.128737416922668,Mwandi,Western,1,2023,7,11,1,0,0,1,FALSE,0
5233842,26.524275019041685,-17.137322109031196,Kalomo,Southern,1,2018,6,30,4,0.0061746517423903,0.0061746517423903,1,FALSE,0.006155666690960104
5234199,27.013151867634225,-17.1469206513217,Choma,Southern,1,2018,8,18,4,1.1707198206080074,0.2386547891664395,1,FALSE,0.7750588271131572
5234752,26.458388172412803,-17.16427362095116,Kalomo,Southern,2,2023,8,8,1,0,0,1,FALSE,0
5234801,26.928526652091648,-17.164987251539127,Kalomo,Southern,2,2023,8,8,3.5,0.0154414744721831,0.01391777449314475,1,TRUE,0.015323468149223063
5235801,27.473960481569488,-17.191561124376857,Sinazongwe,Southern,1,2018,8,10,4,0.1991947895511912,0.0415281294043186,1,TRUE,0.18165032285951277
5235978,25.81884144125072,-17.19769694731771,Kazungula,Southern,4,2023,7,8,1,0,0,1,FALSE,0
5236239,24.070716460175262,-17.188905193795147,Sesheke,Western,1,2023,7,14,1,0,0,1,TRUE,0
5236619,26.580499651503416,-17.218799255842708,Kalomo,Southern,2,2020,8,1,1,0,0,1,TRUE,0
5236839,25.88449784391778,-17.22518477552692,Kazungula,Southern,6,2023,7,8,1,0,0,1,TRUE,0
5237455,26.373492772155,-17.24537835423655,Kalomo,Southern,1,2023,8,8,1,0,0,1,TRUE,0
5237476,26.66509992386926,-17.24607534902321,Kalomo,Southern,3,2020,8,1,1.3333333333333333,0.0012245777499782001,0,1,FALSE,0.0012238285662054742
5239807,24.924479346230267,-17.307920047608796,Mwandi,Western,2,2023,7,9,1,0,0,1,FALSE,0
5239904,26.693200892142084,-17.318433695341902,Zimba,Southern,3,2020,8,1,1,0,0,1,FALSE,0
5239907,26.72143267163637,-17.31847493174735,Zimba,Southern,3,2023,6,30,2.3333333333333335,0.024133523627275767,0.0115080083631859,1,TRUE,0.023846912283997046
5240491,25.8367967155362,-17.333367857757608,Kazungula,Southern,6,2016,8,2,1,0,0,1,FALSE,0
5240605,27.3049248414438,-17.336514856548938,Sinazongwe,Southern,3,2023,6,14,2.3333333333333335,0.006335956536781233,0.006335956536781233,1,FALSE,0.006315968747578108
5240921,27.33317561964964,-17.345508951469828,Sinazongwe,Southern,4,2023,6,14,1.75,0.01083350704430765,0,1,FALSE,0.010775245017217537
5241429,25.76133965716956,-17.36002769710667,Kazungula,Southern,5,2021,9,2,1,0,0,1,TRUE,0
5241848,26.86255214559452,-17.37285673184882,Zimba,Southern,2,2023,8,8,1,0,0,1,TRUE,0
5242106,26.04357977346716,-17.37965344104568,Zimba,Southern,1,2017,6,16,1,0,0,1,FALSE,0
5242491,26.75898069255763,-17.39083693627089,Zimba,Southern,3,2023,6,30,2.3333333333333335,0.05438621627012187,0.02845481358349773,1,TRUE,0.05295881209921139
5243066,25.704558711554693,-17.404854331838877,Kazungula,Southern,4,2021,9,2,1,0,0,1,FALSE,0
5243460,26.636541564755007,-17.41776869451837,Zimba,Southern,3,2020,8,1,1,0,0,1,FALSE,0
5243473,26.758945150457656,-17.41795425508308,Zimba,Southern,2,2023,6,30,1.5,0.0041331337631572,0,1,TRUE,0.004124615828248577
5243477,26.796608063025506,-17.41799623289613,Zimba,Southern,2,2023,6,30,1,0,0,1,TRUE,0
5244380,25.82669613099597,-17.441760533283183,Kazungula,Southern,5,2023,7,8,1,0,0,1,TRUE,0
5244416,26.259819893115072,-17.443841683622757,Zimba,Southern,1,2023,6,30,4,0.0078767822516762,0.0078767822516762,1,FALSE,0.007845922347593667
5245497,26.77771088494438,-17.47221062198278,Zimba,Southern,2,2023,6,30,3.5,0.021230987130179,0.006943011892296701,1,TRUE,0.021008749765581678
5245757,25.958304401921502,-17.478644160025144,Kazungula,Southern,4,2023,7,13,1,0,0,1,FALSE,0
5248158,27.22047063686654,-17.544524944113974,Sinazongwe,Southern,2,2023,6,14,1,0,0,1,FALSE,0
5248727,26.240499223745218,-17.561268679796285,Kazungula,Southern,2,2023,8,11,1,0,0,5,FALSE,0
5249413,27.116848841313875,-17.580769263993755,Sinazongwe,Southern,1,2019,7,4,1,0,0,1,FALSE,0
5250860,26.57956975445934,-17.62555093154659,Zimba,Southern,3,2019,10,5,1.6666666666666667,0.0042026051382878,0.0042026051382878,1,FALSE,0.004193798857572459
5250890,27.041465731463003,-17.62599445461969,Sinazongwe,Southern,1,2023,6,22,2,0.0036319043647083,0,1,FALSE,0.003625324925834067
5251736,25.66512478848188,-17.64859480172672,Kazungula,Southern,3,2023,7,8,1,0,0,1,FALSE,0
5252955,26.61714112824072,-17.68889893799758,Zimba,Southern,3,2019,10,5,1,0,0,1,TRUE,0
5252967,26.79630518876733,-17.689166044352582,Zimba,Southern,1,2023,6,30,1,0,0,1,TRUE,0
5254933,25.86243499133793,-17.74924451410242,Livingstone,Southern,10,2019,8,9,1,0,0,1,FALSE,0
5256001,25.956537880665365,-17.785918290541172,Livingstone,Southern,6,2018,6,17,5,0.9647138190957624,0.9647138190957624,1,FALSE,0.675346595577799
